"category","subcategory","ID","Description","GeneRatio","BgRatio","RichFactor","FoldEnrichment","zScore","pvalue","p.adjust","qvalue","geneID","Count"
"Environmental Information Processing","Signaling molecules and interaction","hsa04080","Neuroactive ligand-receptor interaction","137/2023","371/9451",0.369272237196765,1.72515665533694,7.43624629998887,2.17129275962786e-12,7.5995246586975e-10,5.89677402088407e-10,"6863/2556/153/10911/5733/10886/9170/10203/9340/51083/1815/6343/1906/117/27334/6344/4986/5026/2568/9127/1511/4923/2564/3356/2906/1395/27346/2557/10874/887/2690/5618/2908/6869/84634/116444/4985/3953/1268/2691/2891/1135/148/3061/5737/10888/1908/2914/2925/57152/7067/554/1907/79924/135/7425/5697/80763/1081/1910/9568/3973/1134/6751/5746/8001/3001/7432/8973/1813/2900/130576/150/7068/2555/2893/2890/3362/5739/79957/5745/5731/2905/2565/886/7349/2912/4889/2151/3360/7253/552/2562/2587/5368/23620/154/1138/6870/147/3814/1901/2358/2897/59350/23566/5734/10316/5031/55584/3952/9934/2902/3352/2918/6752/5021/2149/5179/283869/4887/2359/2563/22953/344838/155/1269/257313/4828/5540/100506013/55879/2904/151/5645/6753/2831",137
"Environmental Information Processing","Signaling molecules and interaction","hsa04060","Cytokine-cytokine receptor interaction","115/2023","298/9451",0.385906040268456,1.80286603389875,7.34932383086261,5.24120420927646e-12,9.1721073662338e-10,7.11700361049119e-10,"6376/51330/9235/3604/84957/4804/2920/3595/7066/3589/3594/5008/3560/10673/6361/50615/268/7040/6369/6387/1440/6354/51561/3458/653/2690/3593/5618/3977/6364/3953/656/4352/7292/1441/7043/8600/943/7852/3624/1271/130399/3623/3581/650/8200/1236/27190/51554/2056/9518/6370/3559/10913/3569/26525/90865/3590/6366/2660/59067/658/4283/939/83729/29949/58985/57007/85480/3561/3606/56477/651/654/4838/146433/1896/643/1234/50604/11009/3577/7048/2921/5473/5196/133396/285613/3596/3627/6373/3576/6356/53342/8793/3952/1237/3579/6357/282618/353500/1233/2833/7293/8784/284340/246778/4049/4050/7124/2662/6352/6368/6360/6358",115
"Cellular Processes","Cell motility","hsa04820","Cytoskeleton in muscle cells","94/2023","233/9451",0.40343347639485,1.88475026466027,7.13605531731202,2.75360164001992e-11,3.2125352466899e-09,2.49273411622856e-09,"8735/1634/477/2273/7431/9172/1462/1298/1301/88/57644/825/1299/10398/6640/7125/8736/6445/7138/478/1311/58498/1277/6442/4619/4621/4633/2026/4001/6711/2335/6382/270/11155/8082/4620/2318/482/7137/7140/1289/23345/480/4608/4629/3679/7111/22801/84665/2201/3695/81624/1291/84467/127294/7170/58/287/23500/84675/27063/27295/7273/1465/4634/72/6443/1293/25802/2199/1278/165904/1281/1285/442721/255631/83660/51778/171024/256076/1674/161176/84823/93661/633/137868/7058/4604/3908/1288/1756/1290/131873/89",94
"Environmental Information Processing","Signaling molecules and interaction","hsa04061","Viral protein interaction with cytokine and cytokine receptor","47/2023","100/9451",0.47,2.19573405832921,6.27311817690323,9.54450124436726e-09,8.35143858882136e-07,6.48021400275462e-07,"6376/2920/3560/6361/6369/6387/6354/6364/7852/1236/51554/6370/3559/3569/6366/4283/29949/58985/57007/3561/3606/56477/146433/643/1234/50604/11009/3577/2921/5473/5196/3627/6373/3576/6356/8793/1237/3579/6357/1233/2833/4049/7124/6352/6368/6360/6358",47
"Environmental Information Processing","Signal transduction","hsa04020","Calcium signaling pathway","91/2023","254/9451",0.358267716535433,1.6737460153121,5.68025552592285,6.35062026996826e-08,4.44543418897778e-06,3.44938953610908e-06,"57172/153/5733/493/2065/4638/492/2261/815/489/5026/4842/9127/8911/4923/85366/7125/3356/2254/2906/4233/887/7422/2246/5136/6869/116444/6543/845/148/7852/5737/5153/2925/135/196883/3270/8536/5156/1910/3706/3973/2250/2247/1950/89869/4916/2774/2064/1956/4915/774/814/255231/5137/114/776/3362/8822/2264/5731/80228/2905/9965/886/4486/3360/5260/2277/5979/552/2668/154/6870/147/80310/7423/2902/810/51806/5021/2149/10345/22953/155/8823/8912/777/5350/6263/2904",91
NA,NA,"hsa04082","Neuroactive ligand signaling","75/2023","199/9451",0.376884422110553,1.76071906740822,5.65992825643545,8.79319912824958e-08,5.12936615814559e-06,3.98007960541823e-06,"6863/2556/6570/153/1815/6507/4986/5026/2568/9127/63910/2564/3356/57030/6511/2906/6505/6532/2557/6506/6869/116444/4985/2891/148/2914/51764/2791/2792/2770/135/196883/6538/9568/2774/8001/8973/1813/2900/150/2555/2893/2890/114/3362/2905/2785/6512/2565/2912/3360/2562/3359/5368/2786/154/64805/6870/147/2897/5031/111/9934/2788/2902/3352/2918/5179/54331/2563/22953/6536/55879/2904/151",75
"Environmental Information Processing","Signaling molecules and interaction","hsa04514","Cell adhesion molecule (CAM) interaction","62/2023","160/9451",0.3875,1.81031265447355,5.39460040479167,3.70545005036008e-07,1.85272502518004e-05,1.43760317743293e-05,"3683/6401/5010/923/1462/83692/64115/3384/942/6382/914/941/1013/5819/9071/3695/57502/4684/90952/5789/1525/4685/58494/9073/50848/4359/23562/23308/22854/57863/23114/1493/29851/149461/1365/9075/22871/1000/257194/5797/947/6403/26047/25945/3119/1003/9378/201633/1366/7122/84189/9074/84631/5133/6402/84628/3117/100506658/9080/3120/3118/5175",62
"Human Diseases","Substance dependence","hsa05034","Alcoholism","70/2023","191/9451",0.366492146596859,1.71216869870831,5.1888602006858,8.03784490594196e-07,3.17030497517072e-05,2.45996596569638e-05,"6570/2906/116444/8970/2354/51764/2791/2792/2770/135/84152/148327/9586/4915/53358/1813/814/90993/3017/8365/2905/2785/3015/2786/5569/111/2788/2902/810/51806/7054/8334/8347/653604/8338/8349/8340/399694/54331/3014/4128/8329/8969/8364/8356/8363/85236/8337/440689/8341/8370/723790/2904/8362/8339/8355/8344/8348/8353/8345/8294/8332/8367/3012/8360/8343/8968/8357/8358/8352",70
"Organismal Systems","Digestive system","hsa04974","Protein digestion and absorption","44/2023","103/9451",0.427184466019417,1.99570953452769,5.30236749477609,8.34588798307197e-07,3.17030497517072e-05,2.45996596569638e-05,"477/1298/1301/1308/1357/23428/1299/478/6505/1277/1303/6543/7512/1300/482/1289/480/486/1280/1291/1295/1360/1358/136227/1293/8645/1278/1281/1285/169044/255631/1296/256076/153201/7373/84570/4311/1305/1288/1803/1290/131873/5222/5645",44
"Human Diseases","Immune disease","hsa05322","Systemic lupus erythematosus","56/2023","143/9451",0.391608391608392,1.8295061340044,5.21599698165014,9.05801421477348e-07,3.17030497517072e-05,2.45996596569638e-05,"729/1511/3458/730/942/941/8970/2209/3017/8365/3015/3119/8334/8347/653604/8338/8349/8340/3014/3117/8329/8969/8364/8356/8363/1991/85236/2214/8337/440689/721/3120/7124/8341/3118/720/8370/723790/2904/8362/8339/8355/8344/8348/8353/8345/8294/8332/8367/3012/8360/8343/8968/8357/8358/8352",56
"Organismal Systems","Endocrine system","hsa03320","PPAR signaling pathway","34/2023","77/9451",0.441558441558442,2.06286150823966,4.88694515832018,6.03306969908584e-06,0.000191961308607277,0.000148950428934368,"4199/10580/6319/5360/7350/28965/1962/33/335/5105/5468/3158/9415/948/6258/10873/2180/23305/2173/2171/364/5346/729359/51129/1581/2172/2167/4973/4023/9370/5465/4312/2710/440503",34
"Human Diseases","Infectious disease: parasitic","hsa05144","Malaria","25/2023","50/9451",0.5,2.33588729609491,4.94248879931548,7.08766370817772e-06,0.00020672352482185,0.000160405020764022,"3683/6401/7040/1311/4233/1440/3458/6382/7043/4035/948/3569/2995/7099/3606/3576/6403/7058/3040/1379/3039/2532/7124/3043/5175",25
"Environmental Information Processing","Signal transduction","hsa04024","cAMP signaling pathway","76/2023","226/9451",0.336283185840708,1.57103924339127,4.53434838998687,1.15162343684139e-05,0.0003095139516281,0.000240164209082857,"1080/477/153/5733/493/492/815/489/1906/117/10411/3991/610/10398/268/478/2906/1395/5602/116444/2891/64411/1908/1907/2770/135/482/196883/7137/84152/480/10451/1081/9568/486/3973/6751/148327/1261/7432/9586/1813/5140/814/2893/2890/114/776/90993/3362/7410/2905/64399/3360/7253/154/4881/2353/111/2902/3725/810/51806/3352/6752/5021/2149/338442/1260/5727/5465/1259/5350/8843/5348/2904",76
NA,NA,"hsa04081","Hormone signaling","74/2023","219/9451",0.337899543378995,1.57859050147053,4.52088393312323,1.2380558065124e-05,0.0003095139516281,0.000240164209082857,"3479/153/1815/10411/4986/5744/4842/7066/2099/268/1395/887/2690/4883/5618/4985/3953/4352/2691/4093/148/3061/7067/6776/554/51764/2791/2792/2770/196883/2056/10266/10267/8471/1081/3973/658/53919/6751/2100/7432/1813/150/7068/114/4882/5745/2785/886/7349/2852/7253/552/3481/5368/2786/154/4881/147/111/6777/3952/2788/6752/5021/9370/5179/341208/8660/54331/155/1733/151/6753",74
"Cellular Processes","Cell growth and death","hsa04110","Cell cycle","57/2023","158/9451",0.360759493670886,1.68538703642291,4.53382088621305,1.43271491252517e-05,0.000334300146255873,0.000259396805215083,"10926/1870/9319/4171/4175/27127/5933/10403/8555/4998/23594/8318/990/8317/994/1869/4173/898/7040/595/26271/1871/7272/991/7043/1031/9088/1028/151648/5111/8900/1875/891/9700/4609/5519/57082/90381/890/113130/1029/1111/9184/701/9133/995/993/4085/9232/5347/81620/699/983/157570/27085/9134/9212",57
"Metabolism","Metabolism of cofactors and vitamins","hsa00830","Retinol metabolism","30/2023","69/9451",0.434782608695652,2.03120634443036,4.48642389967691,3.02667485351933e-05,0.000662085124207352,0.00051373823171578,"56603/8630/54884/10170/1562/6121/8854/54490/5959/1559/316/8608/1543/7363/1576/9249/216/195814/7364/130/220/339761/124/131/125/1555/7367/127/54577/126",30
"Environmental Information Processing","Signaling molecules and interaction","hsa04512","ECM-receptor interaction","36/2023","89/9451",0.404494382022472,1.88970657661611,4.4008380192812,3.46183185638131e-05,0.000712730088078504,0.000553035677366178,"3381/1298/3909/3161/1299/1311/1277/7450/3910/2335/6382/7143/6696/22987/948/3679/1101/22801/1280/3695/1291/1758/1293/1278/158326/7148/255743/1285/256076/9899/7058/5649/3908/3914/1288/131873",36
NA,NA,"hsa04517","IgSF CAM signaling","92/2023","300/9451",0.306666666666667,1.43267754160488,3.97437279382607,8.72833737645695e-05,0.00159657624028453,0.00123884712779973,"3683/4638/113457/5063/2037/22999/30835/7430/10580/8829/85366/10398/57144/10382/10332/5803/8777/219699/3384/5602/3736/90249/942/6711/914/117178/941/84612/84063/5819/10095/10298/55558/4629/10451/347733/4916/3687/81607/8497/287/57502/5375/4684/90952/81928/2308/3742/112714/5789/54538/64221/1525/4685/58494/23426/50848/4359/7410/4868/57863/23114/145581/79827/84790/57524/11141/22871/1000/2244/78999/26047/253559/84617/80059/3737/8541/25945/201633/3739/3932/4068/3786/6586/84189/6092/84631/342035/91584/80086/10381/347688",92
"Organismal Systems","Immune system","hsa04610","Complement and coagulation cascades","35/2023","89/9451",0.393258426966292,1.83721472726566,4.1411927245342,8.80426306878342e-05,0.00159657624028453,0.00123884712779973,"3075/7035/10747/5329/729/2155/3053/5054/7450/730/5624/1380/2152/462/5328/722/2159/5648/2161/5270/3687/710/11326/2151/2244/7056/2149/5627/2157/1379/1675/721/629/3078/720",35
"Human Diseases","Substance dependence","hsa05033","Nicotine addiction","20/2023","41/9451",0.48780487804878,2.27891443521454,4.2826886655928,9.12329280162589e-05,0.00159657624028453,0.00123884712779973,"2556/2568/2564/57030/2906/2557/116444/2891/8973/774/2555/2893/2890/2905/2565/2562/2902/2563/55879/2904",20
NA,NA,"hsa04518","Integrin signaling","53/2023","154/9451",0.344155844155844,1.60781852848091,3.96863152446211,0.000119867059754095,0.00198009790649155,0.00153643687180397,"3683/3479/3381/1298/3909/55679/10979/1299/7040/1311/4233/3384/1277/595/7450/7422/3910/2335/7143/6696/9459/5156/3679/1101/22801/1950/1280/3695/3687/2064/1291/1956/1758/3681/1293/1278/158326/2277/7148/255743/1285/80310/2244/83660/256076/7423/7058/5649/3908/3914/1288/55742/131873",53
"Cellular Processes","Cell motility","hsa04814","Motor proteins","64/2023","195/9451",0.328205128205128,1.53330037897512,3.92695046547859,0.000124463296979469,0.00198009790649155,0.00153643687180397,"8735/1770/23026/140469/113457/57644/3835/24137/10398/7125/10382/7138/8701/58498/59/4619/4621/4633/10112/9928/81930/1769/3834/4620/7137/547/7140/7283/4629/84700/92558/64005/113220/347733/9493/3832/9585/1062/11004/7170/58/112714/57519/4634/146439/55083/72/56992/84790/90990/3800/283446/84617/93661/127602/146909/347240/124602/4646/3833/80086/10381/347688/80179",64
"Organismal Systems","Immune system","hsa04657","IL-17 signaling pathway","36/2023","94/9451",0.382978723404255,1.78919026934929,4.01287130567061,0.000133158858567054,0.00202633045645516,0.00157231054967047,"5743/2920/7188/4318/6361/1440/6354/5602/3458/6364/727897/2354/7186/27190/3569/4322/6279/6278/3934/4314/6280/2921/8772/3596/3627/3576/2353/6356/53342/3725/225689/338324/4312/4586/7124/9641",36
"Human Diseases","Immune disease","hsa05323","Rheumatoid arthritis","36/2023","95/9451",0.378947368421053,1.77035668756667,3.93809738217981,0.00017087636884547,0.0024919470456631,0.00193360101588295,"3683/537/2920/3589/10673/7040/6387/51561/3458/7422/942/6364/533/7043/7010/8600/941/3569/7099/245972/4314/3606/284/1493/2921/3576/2353/3725/3119/4312/3117/4050/3120/7124/3118/6352",36
"Metabolism","Amino acid metabolism","hsa00350","Tyrosine metabolism","18/2023","37/9451",0.486486486486487,2.27275520701126,4.04796310625041,0.000213065360690401,0.00298291504966561,0.00231456265507888,"1638/2184/259307/7306/218/7173/8639/314/316/3242/130/7054/124/4128/131/125/127/126",18
"Organismal Systems","Digestive system","hsa04975","Fat digestion and absorption","20/2023","44/9451",0.454545454545455,2.12353390554083,3.89820655333429,0.000306282748801218,0.00412303700309332,0.00319922871217467,"84649/8611/8399/38/338/50487/26279/335/5322/948/1208/4547/64241/64600/8613/19/10555/391013/5320/5408",20
"Environmental Information Processing","Signal transduction","hsa04151","PI3K-Akt signaling pathway","104/2023","362/9451",0.287292817679558,1.34216728615398,3.46427705153142,0.000491396664841666,0.00636995676646604,0.00494270329548343,"672/3479/3381/1298/3909/4804/9170/2065/2261/5522/1299/1943/5008/3560/8115/10110/51378/2254/898/1311/4233/1440/1277/595/7450/2998/7422/3910/2690/5618/2246/2335/7143/9048/4602/6696/1441/7010/3164/5105/51764/2791/2792/2056/3559/5156/3679/3569/1101/7099/4609/5519/22801/2250/2247/1950/1280/3695/2064/1291/148327/1944/9586/1956/3561/4915/284/5521/3815/90993/8822/2264/2785/9965/1293/1278/2277/5979/3481/54541/2786/7148/2668/1285/1942/80310/23566/256076/7423/9134/253314/2788/930/2149/7058/54331/5649/8823/3908/3914/1288/131873/4909/1945",104
"Human Diseases","Cancer: overview","hsa05202","Transcriptional misregulation in cancer","63/2023","201/9451",0.313432835820896,1.46428755874606,3.47209905594788,0.000576336125651688,0.00703352262495064,0.00545759048793162,"3207/4353/5081/51513/3479/578/2530/4804/3205/862/581/1053/3560/3002/51804/4318/2138/4233/3195/7704/604/942/8013/5328/1031/860/5914/5468/8900/4613/4005/3569/4609/1848/3695/597/6258/890/8091/4314/2209/2308/7102/2078/7048/3248/6692/3576/171558/9915/653604/7490/5079/8356/1991/1050/3206/8355/8353/8968/8357/8358/8352",63
"Human Diseases","Substance dependence","hsa05030","Cocaine addiction","21/2023","49/9451",0.428571428571429,2.00218911093849,3.67041773258257,0.000582777588924482,0.00703352262495064,0.00545759048793162,"6570/2906/116444/2891/2354/2770/84152/148327/9586/1813/90993/2905/2912/1020/111/8851/2902/3725/7054/4128/2904",21
NA,NA,"hsa04382","Cornified envelope formation","67/2023","217/9451",0.308755760368664,1.44243731648257,3.4408408016123,0.000621228765465646,0.00724766893043253,0.00562375514000479,"5010/5652/3909/1308/5522/23581/8688/3875/1828/1823/9071/5519/5046/29943/6279/6278/2312/7357/6768/667/204219/9073/5521/23562/6282/3713/6707/6280/84283/149461/1365/9075/144501/2125/1285/3856/196374/3892/9119/121391/3880/3860/3849/59344/285848/1366/7122/338324/11187/9074/338785/3852/3868/3861/140576/57402/3914/1288/100506658/388697/6704/1041/125115/3853/3887/9080/6705",67
"Human Diseases","Cardiovascular disease","hsa05414","Dilated cardiomyopathy","37/2023","105/9451",0.352380952380952,1.64624438010498,3.47501304053005,0.000732030415230015,0.0082648595267905,0.0064130338583818,"3479/153/489/27091/27092/4842/6640/6445/7040/6442/786/4633/6543/7043/8082/196883/7137/59285/3679/22801/3695/7170/781/7273/114/776/4634/6443/784/111/1674/859/137868/3908/5350/1756/7124",37
"Human Diseases","Substance dependence","hsa05032","Morphine addiction","33/2023","91/9451",0.362637362637363,1.69416001694796,3.4723241826985,0.000784798606965558,0.00858373476368579,0.00666046186174717,"2556/2568/157/2564/2557/8622/5136/5153/51764/2791/2792/2770/50940/196883/9568/774/2555/5140/5137/114/3763/2785/3760/2565/2562/2786/111/2788/54331/5138/2563/2869/55879",33
"Organismal Systems","Endocrine system","hsa04923","Regulation of lipolysis in adipocytes","24/2023","60/9451",0.4,1.86870983687593,3.52267309427912,0.000818485149755103,0.00868090310346322,0.00673585864870228,"153/5733/5743/11343/3991/50486/2770/196883/8471/1081/5140/114/364/7253/5346/154/4881/2167/111/11145/57104/8660/63924/155",24
"Organismal Systems","Nervous system","hsa04727","GABAergic synapse","32/2023","89/9451",0.359550561797753,1.67973917921432,3.36225684029321,0.00110539305123715,0.0113790461156766,0.00882945533186332,"2556/92745/4905/2568/2564/2557/57468/51764/2791/2792/2770/2571/196883/6538/9568/23710/774/2555/114/776/3763/2785/2565/2562/2786/111/9001/2788/18/54331/2563/55879",32
NA,NA,"hsa04519","Cadherin signaling","112/2023","404/9451",0.277227722772277,1.29514543149817,3.16411566422897,0.00125921613979383,0.0125921613979383,0.00977075982155813,"10083/1951/2556/7431/1008/26999/9620/1005/56113/2196/2568/28316/2564/27328/79838/4233/7472/8777/64072/8688/2557/5602/3875/56121/51421/27253/1013/10095/84152/10451/1828/1823/5156/64005/57575/51176/1009/1012/2064/1016/23500/1956/117532/6327/64405/1006/2555/2697/1010/55740/7476/375323/22808/7484/7410/2565/166336/154810/2562/55800/147798/144501/5099/7480/3856/196374/3892/9119/121391/1000/3880/3860/3849/81839/283446/8322/1674/6330/1003/2535/259236/340596/29119/10186/6331/5101/11187/338785/3852/3868/3861/7003/2563/7477/8326/342125/54510/79633/51466/222662/125115/9752/56143/3853/3887/56138/56137/9708/56099/56104/56112/55879",112
"Metabolism","Amino acid metabolism","hsa00380","Tryptophan metabolism","18/2023","42/9451",0.428571428571429,2.00218911093849,3.39688221914369,0.00141496896515156,0.013563335532758,0.0105243325336889,"26/38/259307/217/1962/8564/847/15/3620/316/3033/1543/6999/130013/23498/169355/4128/11185",18
"Human Diseases","Substance dependence","hsa05031","Amphetamine addiction","26/2023","69/9451",0.376811594202899,1.76037883183964,3.30814660169517,0.00144356888725589,0.013563335532758,0.0105243325336889,"6570/815/2906/6804/116444/2891/2354/84152/148327/9586/814/2893/2890/776/90993/2905/2353/111/2902/3725/810/51806/7054/4128/23237/2904",26
"Metabolism","Lipid metabolism","hsa00565","Ether lipid metabolism","21/2023","52/9451",0.403846153846154,1.88667820069204,3.34583697630357,0.00147259071498516,0.013563335532758,0.0105243325336889,"8611/8399/5050/50487/5321/26279/5322/9514/5168/85465/144110/79888/284161/64600/283748/8613/133121/255189/11145/391013/5320",21
"Human Diseases","Cardiovascular disease","hsa05410","Hypertrophic cardiomyopathy","34/2023","99/9451",0.343434343434343,1.60444783974196,3.15501970564143,0.00194587275677906,0.0174629606377608,0.013550207051255,"3479/489/27091/27092/1906/4842/6640/6445/7040/6442/786/4633/6543/7043/8082/7137/59285/3679/3569/22801/3695/7170/781/7273/776/4634/6443/784/1674/859/137868/3908/1756/7124",34
"Cellular Processes","Cellular community - eukaryotes","hsa04510","Focal adhesion","61/2023","203/9451",0.300492610837438,1.40383374445113,3.03532090080314,0.0022006225261576,0.019255447103879,0.0149410687302279,"3479/3381/1298/3909/5923/4638/4660/5063/1299/85366/10398/57144/1311/858/857/4233/58498/1277/5602/595/7450/4633/7422/3910/2335/7143/6696/10298/10451/2012/5156/3679/1101/22801/1950/1280/3695/2064/1291/1956/53358/7410/1293/1278/2277/7148/1285/80310/83660/256076/7423/3725/859/399694/7058/5649/3908/3914/1288/55742/131873",61
"Organismal Systems","Immune system","hsa04640","Hematopoietic cell lineage","34/2023","100/9451",0.34,1.58840336134454,3.0869103340244,0.00235367644988326,0.0200923599380278,0.0155904627489058,"928/7037/7066/3589/2208/1440/921/914/1380/1441/3581/2056/3559/948/3569/3590/2209/931/3815/909/290/915/924/947/930/3119/4311/3117/1379/916/3120/7124/3118/100133941",34
"Organismal Systems","Nervous system","hsa04724","Glutamatergic synapse","38/2023","116/9451",0.327586206896552,1.53040891813115,2.99958068993485,0.00286447987053674,0.0237549825249643,0.018432437568243,"6507/157/57030/6511/2906/6505/6506/116444/5321/2891/2914/51764/2791/2792/2770/196883/2900/2893/2890/114/776/283748/2905/50944/2785/6512/3760/2912/2786/255189/2897/111/2788/2902/2918/54331/85358/2904",38
"Human Diseases","Cancer: specific types","hsa05219","Bladder cancer","17/2023","41/9451",0.414634146341463,1.93707726993236,3.13798178534965,0.00291846928163847,0.0237549825249643,0.018432437568243,"1870/1890/23604/2261/4318/1869/595/1871/7422/1839/4609/1950/2064/1956/1029/3576/4312",17
"Human Diseases","Immune disease","hsa05321","Inflammatory bowel disease","24/2023","66/9451",0.363636363636364,1.69882712443266,2.97305183272574,0.00372805774073872,0.0296550047558762,0.0230104999308754,"50943/3595/3594/50615/7040/2625/51561/3458/3593/6772/7043/3569/7099/59067/3561/3606/64127/3596/3725/3119/3117/3120/7124/3118",24
"Organismal Systems","Digestive system","hsa04972","Pancreatic secretion","34/2023","103/9451",0.330097087378641,1.5421391857714,2.88700780357817,0.00404531563140789,0.0314635660220614,0.024413834687795,"1080/22802/477/493/492/8399/6343/489/6344/8671/1811/1357/50487/478/9545/683/26279/5322/482/196883/480/486/9635/1360/114/1358/64600/886/111/391013/5320/280/5408/5645",34
"Organismal Systems","Digestive system","hsa04970","Salivary secretion","31/2023","93/9451",0.333333333333333,1.55725819739661,2.81828116194351,0.00500839733353671,0.0381073710160402,0.0295690277357545,"477/153/493/492/4842/4069/1472/478/683/727897/148/482/196883/480/486/114/820/154/147/1473/1470/1469/4589/111/810/51806/1755/155/6263/4586/280",31
"Organismal Systems","Environmental adaptation","hsa04713","Circadian entrainment","32/2023","97/9451",0.329896907216495,1.54120398917602,2.79592856758345,0.00524457941020049,0.0390553785865994,0.0303046245874967,"815/117/4842/8911/2906/51655/2891/51764/2791/2792/2770/196883/2893/2890/114/776/3763/2905/2785/3760/2786/2353/111/2788/2902/810/51806/5187/54331/8912/6263/2904",32
"Human Diseases","Cardiovascular disease","hsa05412","Arrhythmogenic right ventricular cardiomyopathy","29/2023","86/9451",0.337209302325581,1.57536585085471,2.79716003745467,0.00541930130190164,0.0395157386596995,0.0306618363133909,"489/27091/27092/88/4842/6640/6445/6442/786/6543/8082/59285/3679/22801/51176/3695/2697/781/776/6443/784/1000/1674/859/29119/137868/3908/1756/89",29
"Metabolism","Lipid metabolism","hsa00564","Glycerophospholipid metabolism","34/2023","105/9451",0.323809523809524,1.51276510604242,2.75726255435553,0.00567167538281048,0.0405119670200749,0.0314348495975318,"8611/8399/50487/5321/26279/57678/10434/79143/5322/375775/10400/23175/85465/84803/129642/55224/84513/79888/81544/64600/283748/8613/1040/64850/2819/255189/10555/154141/253558/162466/11145/391013/5320/196051",34
"Genetic Information Processing","Information processing in viruses","hsa03265","Virion - Ebolavirus, Lyssavirus and Morbillivirus","7/2023","12/9451",0.583333333333333,2.72520184544406,3.12065272700069,0.00580113811881816,0.0406079668317271,0.0315093396769492,"4804/30835/10332/1134/81607/4684/4685",7
"Metabolism","Lipid metabolism","hsa00592","alpha-Linolenic acid metabolism","12/2023","27/9451",0.444444444444444,2.07634426319547,2.92276125704664,0.00611174560608637,0.0411367492717351,0.0319196430439328,"8399/50487/5321/26279/5322/9415/64600/283748/255189/11145/391013/5320",12
"Metabolism","Carbohydrate metabolism","hsa00650","Butanoate metabolism","12/2023","27/9451",0.444444444444444,2.07634426319547,2.92276125704664,0.00611174560608637,0.0411367492717351,0.0319196430439328,"6296/348158/38/1962/35/2571/3158/3033/116285/18/54988/123876",12
