"ID","Description","setSize","enrichmentScore","NES","pvalue","p.adjust","qvalue","rank","leading_edge","core_enrichment"
"GO:0031424","keratinization",47,0.888239101447141,2.68492002351711,1e-10,1.0225e-07,9.48421052631579e-08,1597,"tags=68%, list=6%, signal=64%","KRT6A/CASP14/SPRR1B/KRT75/KRT6C/SPRR2D/KRT4/KRT6B/KRT16/SPRR3/IVL/KRT81/KRT78/KRT17/KRT77/KRT5/KRT83/KRT74/TGM1/CDH3/LIPK/KRT86/LIPN/KRT2/SPRR1A/IL1A/SPRR2F/KLK5/SFN/CYP26B1/KRT79/CERS3"
"GO:0030216","keratinocyte differentiation",137,0.708018310990663,2.47316918921609,1e-10,1.0225e-07,9.48421052631579e-08,2118,"tags=32%, list=8%, signal=30%","KRT6A/CASP14/SPRR1B/KRT75/KRT6C/SPRR2D/KRT4/KRT6B/KRT16/SPRR3/SCEL/IVL/S100A7/KRT81/KRT78/KRT17/KRT77/KRT5/KRT83/PKP1/KRT74/FOXC1/TGM1/PAX6/CDH3/KRT14/LIPK/KRT86/LIPN/KRT2/SPRR1A/IL1A/SPRR2F/KLK5/BCL11B/CSTA/SFN/CYP26B1/KRT79/OPN3/CERS3/ERRFI1/CD109/KRT7"
"GO:0009913","epidermal cell differentiation",204,0.617896749555128,2.24034939905048,1e-10,1.0225e-07,9.48421052631579e-08,2139,"tags=24%, list=8%, signal=22%","KRT6A/CASP14/SPRR1B/KRT75/KRT6C/SPRR2D/KRT4/KRT6B/KRT16/SPRR3/SCEL/IVL/S100A7/KRT81/KRT78/KRT17/KRT77/KRT5/KRT83/PKP1/KRT74/FOXC1/SPINK5/TGM1/PAX6/CDH3/KRT14/LIPK/KRT86/LIPN/KRT2/SPRR1A/IL1A/SPRR2F/FOXI3/KLK5/OVOL3/BCL11B/TMC1/CSTA/SFN/CYP26B1/KRT79/OPN3/CERS3/ERRFI1/CD109/KRT7/MYCL"
"GO:0043588","skin development",276,0.598223130934235,2.22407479084907,1e-10,1.0225e-07,9.48421052631579e-08,4776,"tags=37%, list=18%, signal=30%","KRT6A/CASP14/SPRR1B/KRT75/KRT6C/SPRR2D/KRT4/KRT6B/KRT16/SPRR3/SCEL/IVL/S100A7/GJB3/KRT81/KRT78/KRT17/KRT77/KRT5/KRT9/GAL/FERMT1/KRT83/PKP1/KRT74/FOXC1/DKK1/SPINK5/TGM1/PAX6/CDH3/KRT14/LIPK/SOSTDC1/KRT86/LIPN/KRT2/SPRR1A/IL1A/EGFR/SPRR2F/FOXI3/KLK5/CLDN1/BCL11B/LHX2/EDAR/MET/CSTA/SFN/CYP26B1/KRT79/OPN3/WNT10A/CERS3/TNFSF13B/RIPK4/ERRFI1/CD109/LGR5/KRT7/HPSE/TNF/RYR1/WNT10B/FOXE1/SOX21/ZNF750/TRIM16/ANXA1/ITGB6/DSG4/EZH2/LSR/ZBED2/ALOX12B/SNAI1/KRT80/HDAC2/SPRR2E/FRAS1/EREG/CYP27B1/FZD6/ETV4/TGFB2/EPHA2/FGF7/DSP/SOX9/MED1/ARRDC3/SMO/HOXC13/ITGB4/NCOA3/LGR4/JAG1/SOS1/ADAM9/EXPH5"
"GO:0008544","epidermis development",337,0.54065044152719,2.02497937420656,1e-10,1.0225e-07,9.48421052631579e-08,4776,"tags=33%, list=18%, signal=27%","KRT6A/CASP14/SPRR1B/KRT75/KRT6C/SPRR2D/KRT4/KRT6B/KRT16/SPRR3/SCEL/IVL/S100A7/KRT81/KRT78/KRT17/KRT77/KRT5/KRT9/GAL/BNC1/FERMT1/KRTDAP/KRT83/PKP1/KRT74/FOXC1/DKK1/SPINK5/TGM1/PAX6/GJB5/CDH3/KRT14/LIPK/SOSTDC1/KRT86/LIPN/KRT2/SPRR1A/IL1A/EGFR/TGM5/SPRR2F/FOXI3/KLK5/KLK7/OVOL3/CLDN1/BCL11B/LHX2/KLK14/EDAR/MET/TMC1/CSTA/SFN/CYP26B1/KRT79/OPN3/WNT10A/CERS3/PPARA/ERRFI1/CD109/LGR5/KRT7/MYCL/HPSE/TNF/WNT10B/FOXE1/SOX21/ZNF750/TRIM16/USH1C/ANXA1/DSG4/YBX1/EZH2/LSR/ZBED2/ALOX12B/SNAI1/KRT80/HDAC2/SPRR2E/CDH23/EREG/CYP27B1/FZD6/ETV4/TGFB2/EPHA2/FGF7/DSP/SOX9/MED1/TFDP1/SMO/HOXC13/NCOA3/PLOD1/LGR4/LAMB3/JAG1/SOS1/ADAM9/ESRP1/ATP2C1/EXPH5"
"GO:0000280","nuclear division",416,0.483684529242263,1.82992206496778,1e-10,1.0225e-07,9.48421052631579e-08,5369,"tags=35%, list=20%, signal=29%","STRA8/HORMAD1/MAEL/EPGN/RBM46/HOXA13/CCNE1/DMRT1/SHOC1/CCNA1/IL1A/MYBL2/CDC20/ANKLE1/TTK/BTBD18/NDC80/KIF14/C14orf39/ANLN/CDK1/KIF2C/ASPM/TRIP13/AURKB/CDCA2/CYP26B1/MEIOC/NCAPH/PLK1/SYCP2L/SKA1/FANCA/BUB1/CCNB2/TGFA/CDCA8/RAD54L/CENPF/CENPI/TDRD9/NCAPG/BUB1B/DLGAP5/CENPE/HASPIN/TTN/TPX2/BRCA2/CCNE2/BORA/UBE2C/BIRC5/KIF18A/KIF4A/AURKA/TOP2A/MTBP/CHEK1/PSMA8/CDCA5/MKI67/KNL1/TNF/KIF23/RAD51AP1/FBXO5/SKA3/SGO1/SPAG5/CCNB1/MAD2L1/NUF2/SPDYA/GPR3/SYCE1/KIF15/CHEK2/EML4/KIF18B/NCAPD2/KNSTRN/RAD54B/SPC24/SMC4/TEX11/CDC25B/PTTG1/INCENP/KIF25/NCAPG2/MAD1L1/KIF11/HSF2BP/MASTL/NDC1/ESPL1/HSF5/UHRF1/NFIB/FIGNL1/EDN1/KIF20B/RACGAP1/EREG/FANCD2/CKS2/KIFC1/DCAF13/MOV10L1/KASH5/DMC1/CEP192/SPIRE1/STAG3/NEK2/CAV2/ACTR3/SEH1L/RAD21/CHMP4C/SPAST/PSRC1/KCTD19/CD28/ZWINT/IL1B/SPDL1/RAD51/CENPK/RIPOR2/DAZL/CDT1/MZT1/UBE2S/SMC2/DMRTC2/BMP7/GEN1/RANBP1/CCSAP/CHMP4BP1/SPC25/MSH4/NPM2/FBXO43/PRC1"
"GO:0045104","intermediate filament cytoskeleton organization",73,0.687334536677822,2.2190977710749,1.40965679276151e-09,1.23546348908455e-06,1.14595558220583e-06,2118,"tags=33%, list=8%, signal=30%","KRT6A/KRT75/KRT6C/KRT4/KRT6B/KRT16/KRT81/KRT78/KRT17/INA/KRT77/KRT5/KRT9/KRT83/PKP1/KRT74/KRT14/KRT86/KRT2/KRT79/KRT23/EPPK1/PKP2/KRT7"
"GO:0048285","organelle fission",464,0.452830779407755,1.71776378312862,1.70590485139252e-09,1.30821578291164e-06,1.21343705613526e-06,5369,"tags=33%, list=20%, signal=27%","STRA8/HORMAD1/MAEL/EPGN/RBM46/HOXA13/CCNE1/DMRT1/SHOC1/CCNA1/IL1A/MYBL2/CDC20/ANKLE1/TTK/BTBD18/NDC80/KIF14/C14orf39/ANLN/CDK1/KIF2C/ASPM/TRIP13/AURKB/CDCA2/CYP26B1/MEIOC/NCAPH/PLK1/SYCP2L/SKA1/FANCA/BUB1/CCNB2/TGFA/CDCA8/RAD54L/CENPF/CENPI/TDRD9/NCAPG/MTFR2/BUB1B/DLGAP5/CENPE/HASPIN/TTN/TPX2/BRCA2/CCNE2/BORA/UBE2C/BIRC5/KIF18A/KIF4A/AURKA/TOP2A/MTBP/CHEK1/PSMA8/CDCA5/MKI67/KNL1/TNF/KIF23/RAD51AP1/FBXO5/SKA3/SGO1/SPAG5/CCNB1/MAD2L1/NUF2/SPDYA/GPR3/SYCE1/KIF15/CHEK2/EML4/KIF18B/NCAPD2/KNSTRN/RAD54B/SPC24/SMC4/TEX11/CDC25B/PTTG1/INCENP/KIF25/NCAPG2/MAD1L1/KIF11/HSF2BP/MASTL/NDC1/ESPL1/MTFR1/HSF5/UHRF1/NFIB/FIGNL1/EDN1/KIF20B/RACGAP1/EREG/FANCD2/CKS2/KIFC1/DCAF13/MOV10L1/KASH5/DMC1/CEP192/SPIRE1/BNIP3/STAG3/CORO1C/NEK2/CAV2/ACTR3/SEH1L/RAD21/CHMP4C/SPAST/PSRC1/MCU/KCTD19/CD28/ZWINT/IL1B/SPDL1/RAD51/CENPK/RIPOR2/DAZL/CDT1/MZT1/UBE2S/SMC2/DMRTC2/BMP7/CYRIB/GEN1/RANBP1/CCSAP/CHMP4BP1/ACOX1/SPC25/MSH4/NPM2/FBXO43/PRC1"
"GO:0045103","intermediate filament-based process",74,0.684714866242089,2.20601038121271,1.98076740605055e-09,1.35022311512446e-06,1.25240100550985e-06,2118,"tags=32%, list=8%, signal=30%","KRT6A/KRT75/KRT6C/KRT4/KRT6B/KRT16/KRT81/KRT78/KRT17/INA/KRT77/KRT5/KRT9/KRT83/PKP1/KRT74/KRT14/KRT86/KRT2/KRT79/KRT23/EPPK1/PKP2/KRT7"
"GO:0045109","intermediate filament organization",53,0.731888204413683,2.25805022854277,3.04914408003774e-09,1.87064989310315e-06,1.73512346280884e-06,2118,"tags=45%, list=8%, signal=42%","KRT6A/KRT75/KRT6C/KRT4/KRT6B/KRT16/KRT81/KRT78/KRT17/INA/KRT77/KRT5/KRT9/KRT83/PKP1/KRT74/KRT14/KRT86/KRT2/KRT79/KRT23/EPPK1/PKP2/KRT7"
"GO:0140013","meiotic nuclear division",173,0.563640590664755,2.01219789957911,3.61670485868265e-09,2.01713493709255e-06,1.87099583407066e-06,4793,"tags=40%, list=18%, signal=33%","STRA8/HORMAD1/MAEL/RBM46/CCNE1/DMRT1/SHOC1/CCNA1/CDC20/ANKLE1/TTK/BTBD18/NDC80/C14orf39/ASPM/TRIP13/CYP26B1/MEIOC/NCAPH/PLK1/SYCP2L/SKA1/FANCA/CCNB2/RAD54L/TDRD9/BRCA2/CCNE2/KIF18A/AURKA/TOP2A/PSMA8/KNL1/RAD51AP1/FBXO5/SKA3/SGO1/NUF2/SPDYA/GPR3/SYCE1/RAD54B/SMC4/TEX11/CDC25B/PTTG1/INCENP/HSF2BP/MASTL/NDC1/ESPL1/HSF5/FIGNL1/EREG/FANCD2/CKS2/DCAF13/MOV10L1/KASH5/DMC1/SPIRE1/STAG3/ACTR3/RAD21/KCTD19/ZWINT/RAD51/DAZL/SMC2/DMRTC2"
"GO:1903046","meiotic cell cycle process",193,0.538852638064706,1.94786234500067,4.79182996448588e-09,2.44982306934341e-06,2.27233620947462e-06,5358,"tags=40%, list=20%, signal=32%","STRA8/HORMAD1/MAEL/RBM46/CCNE1/DMRT1/SHOC1/CCNA1/CDC20/ANKLE1/TTK/BTBD18/NDC80/C14orf39/ASPM/TRIP13/CYP26B1/MEIOC/NCAPH/PLK1/SYCP2L/SKA1/FANCA/CCNB2/RAD54L/TDRD9/BRCA2/CCNE2/KIF18A/AURKA/TOP2A/PSMA8/CDC25A/KNL1/RAD51AP1/FBXO5/SKA3/SGO1/NUF2/SPDYA/GPR3/SYCE1/NCAPD2/RAD54B/SMC4/TEX11/CDC25B/PTTG1/INCENP/HSF2BP/MASTL/NDC1/ESPL1/HSF5/FIGNL1/EDN1/EREG/FANCD2/CKS2/DCAF13/MOV10L1/KASH5/DMC1/SPIRE1/STAG3/ACTR3/RAD21/KCTD19/ZWINT/RAD51/DAZL/SMC2/DMRTC2/NSUN2/MSH4/MSH6/NPM2/FBXO43"
"GO:0051321","meiotic cell cycle",255,0.500252566602858,1.8506730142564,1.46003747404605e-08,6.89025377174807e-06,6.3910628216137e-06,4793,"tags=33%, list=18%, signal=27%","STRA8/HORMAD1/MAEL/RBM46/SMC1B/CCNE1/DMRT1/SHOC1/CCNA1/ZFP42/CDC20/ANKLE1/TTK/BTBD18/NDC80/C14orf39/ASPM/TRIP13/TDRD1/CYP26B1/MEIOC/NCAPH/PLK1/EXO1/SYCP2L/SKA1/FANCA/CCNB2/RAD54L/TDRD9/BRCA2/CCNE2/KIF18A/AURKA/TOP2A/PSMA8/CDC25A/XRCC2/SGO2/KNL1/RAD51AP1/FBXO5/SKA3/SGO1/NUF2/SPDYA/GPR3/SYCE1/NCAPD2/RAD54B/SMC4/TEX11/CDC25B/PTTG1/INCENP/HSF2BP/MASTL/NDC1/ESPL1/ANAPC1/HSF5/FIGNL1/EDN1/EXD1/EREG/OSGIN2/FANCD2/CKS2/DCAF13/MOV10L1/KASH5/DMC1/SPIRE1/STAG3/NEK2/ACTR3/RAD21/HORMAD2/KCTD19/ZWINT/RAD51/DAZL/SMC2/DMRTC2"
"GO:0098813","nuclear chromosome segregation",307,0.47841587180531,1.78271333361507,1.9690289304354e-08,8.62856606301513e-06,8.0034363894239e-06,6362,"tags=39%, list=24%, signal=30%","HORMAD1/MAEL/CCNE1/SHOC1/FAM83D/MYBL2/CDC20/TTK/NDC80/KIF14/C14orf39/CDK1/KIF2C/ASPM/TRIP13/AURKB/MEIOC/NCAPH/PLK1/SYCP2L/SKA1/BUB1/CCNB2/CDCA8/CENPF/CENPI/NCAPG/BUB1B/DLGAP5/CENPE/HASPIN/TTN/TPX2/CCNE2/UBE2C/BIRC5/KIF18A/KIF4A/AURKA/TOP2A/CDCA5/KNL1/KIF23/FBXO5/CDC6/SKA3/SGO1/SPAG5/CCNB1/MAD2L1/NUF2/SPDYA/SYCE1/KIF15/CHEK2/EML4/KIF18B/NCAPD2/KNSTRN/ECT2/SPC24/SMC4/TEX11/PTTG1/INCENP/KIF25/NCAPG2/MAD1L1/KIF11/NDC1/ESPL1/ANAPC1/UHRF1/RACGAP1/FANCD2/DPF3/KIFC1/DCAF13/KASH5/DMC1/CEP192/STAG3/NEK2/ACTR3/SEH1L/RAD21/TACC3/CHMP4C/PSRC1/ZWINT/SPDL1/CENPK/RIPOR2/CDT1/MZT1/TTL/SMC2/GEN1/CCSAP/ACTL6A/CHMP4BP1/SPC25/MSH4/RCC2/PRC1/ATM/CLASP1/KNTC1/NSMCE2/TENT4A/DRG1/SYCE1L/RCC1/PRICKLE1/STAG1/AGO4/PIBF1/FLNA/ZWILCH"
"GO:0007059","chromosome segregation",407,0.454523199085989,1.71967653113969,2.67229124497938e-08,1.09296711919657e-05,1.0137829102006e-05,6229,"tags=35%, list=24%, signal=27%","HORMAD1/MAEL/CCNE1/SHOC1/FAM83D/MYBL2/CDC20/TTK/NDC80/KIF14/DIAPH3/C14orf39/CENPW/CDK1/KIF2C/ASPM/TRIP13/AURKB/CDCA2/MEIOC/STIL/NCAPH/PLK1/SYCP2L/SKA1/BUB1/HJURP/CCNB2/CDCA8/CENPN/CENPF/CENPI/NCAPG/BUB1B/DLGAP5/CENPE/HASPIN/TTN/TPX2/CCNE2/UBE2C/BIRC5/KIF18A/KIF4A/AURKA/TOP2A/CDCA5/MKI67/SGO2/KNL1/KIF23/FBXO5/CDC6/SKA3/SGO1/SPAG5/CCNB1/MAD2L1/NUF2/SPDYA/SYCE1/KIF15/PLSCR1/CHEK2/EML4/KIF18B/NCAPD2/KNSTRN/ECT2/SPC24/SMC4/OIP5/GPSM2/TEX11/CENPL/PTTG1/INCENP/KIF25/NCAPG2/CENPO/MAD1L1/KIF11/SRPK1/NDC1/ESPL1/ANAPC1/UHRF1/RACGAP1/FANCD2/DPF3/HAUS6/KIFC1/DCAF13/KASH5/DMC1/CEP192/CENPU/STAG3/NEK2/ACTR3/SEH1L/RAD21/TACC3/CHMP4C/PSRC1/ZWINT/HAUS8/SPDL1/CENPK/RIPOR2/CDT1/MZT1/TTL/SMC2/SASS6/GEN1/TUBB/HAUS7/CCSAP/ACTL6A/CHMP4BP1/SPC25/MSH4/RIOK3/RCC2/MIS18A/USP9X/PRC1/HAUS5/SMC6/ATM/CLASP1/KNTC1/NSMCE2/TENT4A/ESCO2/DRG1/SYCE1L/RCC1/PRICKLE1/STAG1/AGO4/PIBF1"
"GO:0061844","antimicrobial humoral immune response mediated by antimicrobial peptide",93,0.614019814910081,2.05915197595877,9.58227915284897e-08,3.51592864758048e-05,3.26120366642132e-05,1848,"tags=32%, list=7%, signal=30%","KRT6A/PGLYRP4/CXCL1/S100A7/S100A9/CCL7/CXCL8/PPBP/DEFB1/MMP7/SPINK5/CCL20/CXCL5/S100A12/CCL8/CCL24/KLK5/KLK7/H2BC11/CXCL11/CXCL3/CXCL10/BPI/CCL25/ADM/CXCL6/CXCL2/CCL18/CXCL13/H2BC8"
"GO:0000070","mitotic sister chromatid segregation",191,0.518119469454216,1.8721555393909,9.74258956949766e-08,3.51592864758048e-05,3.26120366642132e-05,6362,"tags=43%, list=24%, signal=33%","MYBL2/CDC20/TTK/NDC80/KIF14/CDK1/KIF2C/TRIP13/AURKB/NCAPH/PLK1/SKA1/BUB1/CDCA8/CENPF/CENPI/NCAPG/BUB1B/DLGAP5/CENPE/HASPIN/TTN/TPX2/UBE2C/BIRC5/KIF18A/KIF4A/CDCA5/KNL1/KIF23/FBXO5/SKA3/SPAG5/CCNB1/MAD2L1/NUF2/KIF15/CHEK2/EML4/KIF18B/NCAPD2/KNSTRN/SPC24/SMC4/INCENP/KIF25/NCAPG2/MAD1L1/KIF11/ESPL1/UHRF1/RACGAP1/KIFC1/CEP192/NEK2/SEH1L/RAD21/CHMP4C/PSRC1/ZWINT/SPDL1/CENPK/RIPOR2/CDT1/MZT1/SMC2/GEN1/CCSAP/CHMP4BP1/SPC25/PRC1/ATM/CLASP1/KNTC1/NSMCE2/TENT4A/DRG1/RCC1/PRICKLE1/STAG1/PIBF1/FLNA/ZWILCH"
"GO:0140014","mitotic nuclear division",274,0.477403678030028,1.77429876082825,1.3145654308725e-07,4.48047717689042e-05,4.15587176567059e-05,6362,"tags=40%, list=24%, signal=31%","EPGN/HOXA13/DMRT1/IL1A/MYBL2/CDC20/TTK/NDC80/KIF14/ANLN/CDK1/KIF2C/TRIP13/AURKB/CDCA2/NCAPH/PLK1/SKA1/BUB1/TGFA/CDCA8/CENPF/CENPI/NCAPG/BUB1B/DLGAP5/CENPE/HASPIN/TTN/TPX2/BORA/UBE2C/BIRC5/KIF18A/KIF4A/AURKA/MTBP/CHEK1/CDCA5/MKI67/KNL1/TNF/KIF23/FBXO5/SKA3/SPAG5/CCNB1/MAD2L1/NUF2/KIF15/CHEK2/EML4/KIF18B/NCAPD2/KNSTRN/SPC24/SMC4/INCENP/KIF25/NCAPG2/MAD1L1/KIF11/ESPL1/UHRF1/NFIB/EDN1/KIF20B/RACGAP1/EREG/KIFC1/CEP192/NEK2/CAV2/SEH1L/RAD21/CHMP4C/SPAST/PSRC1/CD28/ZWINT/IL1B/SPDL1/CENPK/RIPOR2/CDT1/MZT1/UBE2S/SMC2/BMP7/GEN1/RANBP1/CCSAP/CHMP4BP1/SPC25/NPM2/FBXO43/PRC1/PHIP/ATM/CLASP1/KNTC1/NSMCE2/TENT4A/DRG1/RCC1/PRICKLE1/STAG1/PIBF1/FLNA/ZWILCH"
"GO:0042742","defense response to bacterium",249,0.488627688757396,1.80236274557159,1.98068254256207e-07,6.3955196834833e-05,5.9321716482496e-05,4647,"tags=33%, list=18%, signal=28%","KRT6A/PGLYRP4/LBP/S100A8/S100A9/CHGA/PPBP/GSDMC/DEFB1/FPR2/MMP7/LCN2/SPINK5/CCL20/SPRR2A/PI3/S100A12/CLEC4D/GBP6/WFDC5/IFNE/KLK5/KLK7/H2BC11/IL23R/SLPI/PLAC8/BPI/IGHG3/LPO/ADM/CXCL6/ANXA3/AICDA/IGHE/IL6/CLEC4E/GBP1/IL7R/TLR6/CXCL13/GBP5/TREM1/H2BC8/STAB2/EPPIN/TNF/FGB/CEBPB/IL12B/IGHM/VGF/IL27RA/SLAMF8/ARG2/ADAM17/RIPK2/IL23A/H2BC7/GBP7/NOD2/SCNN1B/WFDC3/TRAV27/KLRK1/SLC11A1/IL12A/KLRC4-KLRK1/LYG2/DEFB131B/IGHG1/EPHA2/GBP4/TLR2/SEH1L/IGHG2/IL1B/OAS2/NLRC4/NAIP/IGKV3-20/H2BC6/OAS3"
"GO:0051983","regulation of chromosome segregation",128,0.554468344459822,1.91548881038094,4.3958917516314e-07,0.000133421851704773,0.000123755592213101,5768,"tags=41%, list=22%, signal=32%","HORMAD1/CDC20/TTK/NDC80/CDK1/KIF2C/TRIP13/AURKB/CDCA2/NCAPH/PLK1/SKA1/BUB1/CDCA8/CENPF/NCAPG/BUB1B/DLGAP5/CENPE/HASPIN/UBE2C/BIRC5/MKI67/KNL1/FBXO5/CDC6/SKA3/CCNB1/MAD2L1/NUF2/PLSCR1/NCAPD2/SPC24/SMC4/INCENP/NCAPG2/MAD1L1/ESPL1/ANAPC1/DPF3/RAD21/TACC3/ZWINT/SPDL1/SMC2/GEN1/ACTL6A/SPC25/RCC2/SMC6/ATM/KNTC1/NSMCE2"
"GO:0051783","regulation of nuclear division",141,0.543562715880233,1.90729746758211,4.56700714881865e-07,0.000133421851704773,0.000123755592213101,5768,"tags=45%, list=22%, signal=35%","STRA8/HORMAD1/EPGN/HOXA13/DMRT1/IL1A/CDC20/TTK/NDC80/TRIP13/AURKB/CDCA2/PLK1/SYCP2L/SKA1/BUB1/TGFA/CDCA8/CENPF/BUB1B/DLGAP5/HASPIN/BORA/UBE2C/BIRC5/AURKA/MTBP/CHEK1/PSMA8/MKI67/KNL1/TNF/RAD51AP1/FBXO5/SKA3/CCNB1/MAD2L1/NUF2/GPR3/SPC24/INCENP/MAD1L1/ESPL1/EDN1/KIF20B/EREG/NEK2/CAV2/RAD21/CD28/ZWINT/IL1B/SPDL1/DAZL/BMP7/GEN1/SPC25/NPM2/FBXO43/PHIP/ATM/KNTC1/NSMCE2"
"GO:1905818","regulation of chromosome separation",74,0.633668074726817,2.04154812464112,5.22261653182278e-07,0.000145639783739694,0.000135088349143703,5768,"tags=54%, list=22%, signal=42%","CDC20/TTK/NDC80/TRIP13/AURKB/NCAPH/PLK1/SKA1/BUB1/CDCA8/CENPF/NCAPG/BUB1B/DLGAP5/HASPIN/UBE2C/BIRC5/KNL1/FBXO5/SKA3/CCNB1/MAD2L1/NUF2/PLSCR1/NCAPD2/SPC24/SMC4/INCENP/NCAPG2/MAD1L1/ESPL1/RAD21/ZWINT/SPDL1/SMC2/GEN1/SPC25/ATM/KNTC1/NSMCE2"
"GO:0051304","chromosome separation",81,0.608149851423238,1.99965691953732,6.88971153448956e-07,0.000183775566365624,0.000170461238240048,5768,"tags=49%, list=22%, signal=39%","CDC20/TTK/NDC80/TRIP13/AURKB/NCAPH/PLK1/SKA1/BUB1/CDCA8/CENPF/NCAPG/BUB1B/DLGAP5/HASPIN/UBE2C/BIRC5/KNL1/FBXO5/SKA3/CCNB1/MAD2L1/NUF2/PLSCR1/NCAPD2/SPC24/SMC4/INCENP/NCAPG2/MAD1L1/ESPL1/RAD21/ZWINT/SPDL1/SMC2/GEN1/SPC25/ATM/KNTC1/NSMCE2"
"GO:0071621","granulocyte chemotaxis",123,0.557129810910927,1.92297582448557,7.34557487408505e-07,0.000187771257718799,0.000174167446356596,5006,"tags=42%, list=19%, signal=34%","CXCL1/LBP/S100A7/S100A8/S100A9/CCL7/CXCL8/PPBP/CXCL5/S100A12/CCL8/CCL24/CXCL11/CXCL3/CXCL10/EDN2/CCL25/SAA1/CXCL6/CXCL2/CCL18/ADGRE2/CXADR/CXCL13/TREM1/PDE4B/IL34/CXCL9/PERP/CCL2/CD300H/ANXA1/DPP4/CCL19/IL23A/NOD2/EDN1/CAMK1D/VEGFA/TGFB2/CCL13/ITGA9/MCU/CXCL17/IL1B/RIPOR2/AKIRIN1/TRPV4/CCR7/PIK3CG/SLAMF1/CKLF"
"GO:0070098","chemokine-mediated signaling pathway",85,0.609619138778834,2.00521744352298,7.72475821092257e-07,0.00018956556649604,0.000175831759529463,3560,"tags=42%, list=14%, signal=37%","CXCL1/CCL7/CXCL8/PPBP/FOXC1/CCL20/CXCL5/CCL8/CCL24/CXCL11/CXCL3/CXCL10/CCR9/CCR3/CCR8/CCL25/CXCR5/CXCL6/CXCL2/CCL18/ACKR2/CXCL13/CCR2/CXCL9/PADI2/CCR1/HIF1A/CCL2/CCR4/LYN/CXCR4/ROBO1/CCL19/CXCR6/RBM15/EDN1"
"GO:0002237","response to molecule of bacterial origin",330,0.446144012704119,1.67134013675512,9.18612333227848e-07,0.000208729135716772,0.000193606950231179,5431,"tags=35%, list=21%, signal=28%","OPRK1/ANKRD1/GJB6/CXCL1/LBP/S100A7/S100A8/IL36RN/CXCL8/TNIP3/PTGS2/PPBP/IL12RB2/CXCL5/IL1A/SLC7A5/FCAR/EPO/CLDN1/CXCL11/CXCL3/INAVA/MMP8/CXCL10/IL23R/SLPI/TH/IDO1/MMP3/BPI/CSF2/CD24/ADM/CXCL6/AICDA/SOD2/STAP1/IL6/CXCL2/NUGGC/GJB2/TLR6/CD80/CXCL13/GBP5/IL24/PDE4B/TLR1/TNFRSF11A/NOS1/CXCL9/TNF/CEBPB/IL12B/TIFAB/CMPK2/PTGER1/CCL2/LYN/PDCD1LG2/TAP2/EPHB2/ASS1/PELI1/ADAM17/PTPN22/HPGD/TNFAIP3/RIPK2/ABCA1/GSTP1/NOD2/PTGFR/FMO1/CD274/HDAC2/EDN1/CNR2/SELE/MALT1/CDK19/CYP27B1/KLRK1/SLC11A1/PLCG2/IL12A/KLRC4-KLRK1/PCSK1/TLR10/TLR2/CD86/MRC1/RPS6KA3/CD96/IRAK1/CSF3/IL1B/E2F1/PRKCA/ADAM9/CCR7/GPR31/PPM1E/CYRIB/NLRP7/CSF2RB/ALPL/BCR/SCIMP/CASP1/MAP2K3/IRF8/IL10RA/BCL10/SNCA/SMAD6/SRC"
"GO:0002449","lymphocyte mediated immunity",350,0.44286231409756,1.66249358674066,8.86334697480739e-07,0.000208729135716772,0.000193606950231179,5885,"tags=36%, list=22%, signal=28%","SERPINB4/RAET1L/IGHV3-73/IGHV5-10-1/IGLC7/IGHV1-18/IL20RB/IGHV4-39/IGHV3-48/IGHV4-34/IGHD/C8B/CLEC12B/IL21/IGHV3-38/IL23R/C4BPA/ULBP2/ULBP3/IGHV3-21/TFRC/IGHV4-4/IGHG3/AICDA/IGHV2-5/SERPINB9/EXO1/IGHE/ULBP1/IL6/RSAD2/IL7R/NCR3/UNC13D/CTSC/IGHV2-26/IGHV3-15/KIR2DL4/CD80/APLF/IGHV3-64/IGHV4-61/CD226/GZMB/CCR2/IL18R1/TNF/CLNK/IGHV3-74/IGHV1-24/ICAM1/SLA2/IL12B/PTPRC/IGHV3-49/IGHV1-69/IGHV4-28/TLR8/LAG3/IGHM/IGHV6-1/IL27RA/TAP2/IGHV3-64D/ATAD5/CR1/IL23A/IGHV2-70/NOD2/IGHV3-11/RIF1/PVR/CD274/IGLC2/RNF168/CD19/MALT1/IGHV1-3/IGHV1-69D/KLRK1/MSH2/IL12A/KLRC4-KLRK1/IGHV3-30/IGHG1/SLAMF6/PRKAA1/IGHV1-58/KLRD1/IGHG2/CD28/CD96/IL1B/HSPD1/CEBPG/IL4I1/IGHV3-35/JAG1/SH2D1B/IGLC3/SH2D1A/CYRIB/CSF2RB/SLAMF1/IGHV3-43/FUT7/TUBB/KLRC1/KIR3DL1/CR1L/NCR1/MSH6/RAET1E/BCL10/PRF1/ARG1/NBN/CD7/IL2RB/SUSD4/IL18RAP/FOXP3/SLAMF7/IGHV4-31/IGHV4-59"
"GO:0010965","regulation of mitotic sister chromatid separation",60,0.649573972115095,2.04651286073997,1.21451129687346e-06,0.000266108100225667,0.000246828874845787,5768,"tags=55%, list=22%, signal=43%","CDC20/TTK/NDC80/TRIP13/AURKB/PLK1/SKA1/BUB1/CDCA8/CENPF/BUB1B/DLGAP5/HASPIN/UBE2C/BIRC5/KNL1/FBXO5/SKA3/CCNB1/MAD2L1/NUF2/SPC24/INCENP/MAD1L1/ESPL1/RAD21/ZWINT/SPDL1/GEN1/SPC25/ATM/KNTC1/NSMCE2"
"GO:0061982","meiosis I cell cycle process",118,0.553847529399953,1.90323647288743,1.99847003808654e-06,0.00041248004272177,0.000382596338687237,4510,"tags=38%, list=17%, signal=32%","HORMAD1/MAEL/CCNE1/DMRT1/SHOC1/CCNA1/CDC20/ANKLE1/BTBD18/NDC80/C14orf39/TRIP13/MEIOC/PLK1/SYCP2L/CCNB2/RAD54L/TDRD9/BRCA2/CCNE2/AURKA/TOP2A/PSMA8/CDC25A/KNL1/RAD51AP1/FBXO5/SPDYA/SYCE1/RAD54B/TEX11/CDC25B/PTTG1/HSF2BP/NDC1/ESPL1/FANCD2/CKS2/MOV10L1/KASH5/DMC1/STAG3/RAD21/ZWINT/RAD51"
"GO:0007127","meiosis I",112,0.556048172261313,1.89942776463403,2.01701732382284e-06,0.00041248004272177,0.000382596338687237,4510,"tags=38%, list=17%, signal=32%","HORMAD1/MAEL/CCNE1/DMRT1/SHOC1/CCNA1/ANKLE1/BTBD18/NDC80/C14orf39/TRIP13/MEIOC/PLK1/SYCP2L/CCNB2/RAD54L/TDRD9/BRCA2/CCNE2/AURKA/TOP2A/PSMA8/KNL1/RAD51AP1/FBXO5/SPDYA/SYCE1/RAD54B/TEX11/CDC25B/PTTG1/HSF2BP/NDC1/ESPL1/FANCD2/CKS2/MOV10L1/KASH5/DMC1/STAG3/RAD21/ZWINT/RAD51"
"GO:0030595","leukocyte chemotaxis",221,0.478844602056402,1.7490999069693,2.10378868516102e-06,0.00041634656720848,0.00038618273792803,4797,"tags=34%, list=18%, signal=28%","CXCL1/LBP/S100A7/S100A8/S100A9/CCL7/CXCL8/CHGA/PPBP/FPR2/CXCL5/S100A12/CCL8/CCL24/CXCL11/CXCL3/CXCL10/EDN2/CCL25/CXCR5/SAA1/CXCL6/STAP1/IL6/CXCL2/CCL18/GPR18/ADGRE2/CXADR/CXCL13/TREM1/PDE4B/IL34/CCR2/TNFRSF11A/CXCL9/PADI2/GPR183/PERP/CYP7B1/TAFA4/GREM1/CCR1/CCN3/CYP19A1/CCL2/LYN/CXCR4/CD300H/ANXA1/SLAMF8/ADAM17/DPP4/CCL19/IL23A/NOD2/PLA2G7/EDN1/CNR2/KIT/CAMK1D/VEGFA/KLRK1/IL12A/KLRC4-KLRK1/TGFB2/CCL13/ITGA9/MCU/CXCL17/IL1B/RIPOR2/AKIRIN1/TRPV4/CCR7/PIK3CG"
"GO:1905820","positive regulation of chromosome separation",31,0.740814676539792,2.08703265839611,3.02955269131383e-06,0.00052929667044783,0.000490949736274348,3340,"tags=55%, list=13%, signal=48%","CDC20/AURKB/NCAPH/SKA1/CDCA8/NCAPG/DLGAP5/UBE2C/BIRC5/SKA3/PLSCR1/NCAPD2/SMC4/INCENP/NCAPG2/MAD1L1/ESPL1"
"GO:0051306","mitotic sister chromatid separation",63,0.640028663931079,2.02551774337151,3.00772166295314e-06,0.00052929667044783,0.000490949736274348,5768,"tags=52%, list=22%, signal=41%","CDC20/TTK/NDC80/TRIP13/AURKB/PLK1/SKA1/BUB1/CDCA8/CENPF/BUB1B/DLGAP5/HASPIN/UBE2C/BIRC5/KNL1/FBXO5/SKA3/CCNB1/MAD2L1/NUF2/SPC24/INCENP/MAD1L1/ESPL1/RAD21/ZWINT/SPDL1/GEN1/SPC25/ATM/KNTC1/NSMCE2"
"GO:1990868","response to chemokine",94,0.57533927968782,1.93104863667789,3.1058973327012e-06,0.00052929667044783,0.000490949736274348,3560,"tags=38%, list=14%, signal=33%","CXCL1/CCL7/CXCL8/PPBP/FOXC1/CCL20/CXCL5/CCL8/CCL24/CXCL11/CXCL3/CXCL10/CCR9/CCR3/CCR8/CCL25/CXCR5/CXCL6/CXCL2/CCL18/ACKR2/CXCL13/CCR2/CXCL9/PADI2/CCR1/HIF1A/CCL2/CCR4/LYN/CXCR4/ROBO1/CCL19/CXCR6/RBM15/EDN1"
"GO:1990869","cellular response to chemokine",94,0.57533927968782,1.93104863667789,3.1058973327012e-06,0.00052929667044783,0.000490949736274348,3560,"tags=38%, list=14%, signal=33%","CXCL1/CCL7/CXCL8/PPBP/FOXC1/CCL20/CXCL5/CCL8/CCL24/CXCL11/CXCL3/CXCL10/CCR9/CCR3/CCR8/CCL25/CXCR5/CXCL6/CXCL2/CCL18/ACKR2/CXCL13/CCR2/CXCL9/PADI2/CCR1/HIF1A/CCL2/CCR4/LYN/CXCR4/ROBO1/CCL19/CXCR6/RBM15/EDN1"
"GO:0071219","cellular response to molecule of bacterial origin",201,0.48463423662453,1.76017187392451,2.84156466614018e-06,0.00052929667044783,0.000490949736274348,5952,"tags=40%, list=23%, signal=31%","OPRK1/ANKRD1/CXCL1/LBP/IL36RN/CXCL8/TNIP3/PTGS2/PPBP/CXCL5/IL1A/SLC7A5/FCAR/CXCL11/CXCL3/MMP8/CXCL10/MMP3/BPI/CSF2/CXCL6/AICDA/STAP1/IL6/CXCL2/NUGGC/TLR6/CD80/CXCL13/GBP5/IL24/PDE4B/TLR1/CXCL9/TNF/IL12B/TIFAB/CMPK2/CCL2/LYN/PDCD1LG2/EPHB2/ASS1/PTPN22/TNFAIP3/RIPK2/ABCA1/GSTP1/NOD2/CD274/MALT1/CDK19/KLRK1/PLCG2/KLRC4-KLRK1/TLR10/TLR2/CD86/MRC1/IRAK1/CSF3/IL1B/PRKCA/ADAM9/PPM1E/CYRIB/NLRP7/BCR/SCIMP/CASP1/MAP2K3/IRF8/BCL10/SRC/IRAK2/CCR5/KMO/LILRB2/MTDH/TRIB1"
"GO:0000819","sister chromatid segregation",230,0.476911790942708,1.74823688088108,3.22994658667367e-06,0.000535560062411973,0.000496759352704349,6362,"tags=39%, list=24%, signal=30%","MYBL2/CDC20/TTK/NDC80/KIF14/CDK1/KIF2C/TRIP13/AURKB/NCAPH/PLK1/SKA1/BUB1/CDCA8/CENPF/CENPI/NCAPG/BUB1B/DLGAP5/CENPE/HASPIN/TTN/TPX2/UBE2C/BIRC5/KIF18A/KIF4A/TOP2A/CDCA5/KNL1/KIF23/FBXO5/CDC6/SKA3/SPAG5/CCNB1/MAD2L1/NUF2/KIF15/CHEK2/EML4/KIF18B/NCAPD2/KNSTRN/SPC24/SMC4/INCENP/KIF25/NCAPG2/MAD1L1/KIF11/ESPL1/ANAPC1/UHRF1/RACGAP1/DPF3/KIFC1/CEP192/NEK2/SEH1L/RAD21/TACC3/CHMP4C/PSRC1/ZWINT/SPDL1/CENPK/RIPOR2/CDT1/MZT1/SMC2/GEN1/CCSAP/ACTL6A/CHMP4BP1/SPC25/PRC1/ATM/CLASP1/KNTC1/NSMCE2/TENT4A/DRG1/RCC1/PRICKLE1/STAG1/PIBF1/FLNA/ZWILCH"
"GO:0032496","response to lipopolysaccharide",313,0.444683401068059,1.65870233161974,3.48891389620144e-06,0.000563275967189364,0.000522467272101523,5431,"tags=35%, list=21%, signal=28%","OPRK1/ANKRD1/GJB6/CXCL1/LBP/S100A7/S100A8/IL36RN/CXCL8/TNIP3/PTGS2/PPBP/IL12RB2/CXCL5/IL1A/SLC7A5/FCAR/EPO/CLDN1/CXCL11/CXCL3/MMP8/CXCL10/IL23R/SLPI/TH/IDO1/MMP3/BPI/CSF2/ADM/CXCL6/AICDA/SOD2/STAP1/IL6/CXCL2/NUGGC/GJB2/CD80/CXCL13/GBP5/IL24/PDE4B/TNFRSF11A/NOS1/CXCL9/TNF/CEBPB/IL12B/TIFAB/CMPK2/PTGER1/CCL2/LYN/PDCD1LG2/EPHB2/ASS1/PELI1/ADAM17/PTPN22/HPGD/TNFAIP3/RIPK2/ABCA1/GSTP1/NOD2/PTGFR/FMO1/CD274/HDAC2/EDN1/CNR2/SELE/MALT1/CDK19/CYP27B1/KLRK1/SLC11A1/PLCG2/IL12A/KLRC4-KLRK1/PCSK1/TLR2/CD86/MRC1/RPS6KA3/CD96/IRAK1/CSF3/IL1B/E2F1/PRKCA/ADAM9/CCR7/PPM1E/NLRP7/CSF2RB/ALPL/BCR/SCIMP/CASP1/MAP2K3/IRF8/IL10RA/BCL10/SNCA/SMAD6/SRC"
"GO:0071222","cellular response to lipopolysaccharide",191,0.488103767033265,1.76369780547233,4.41767650903324e-06,0.000694934496997922,0.000644587293058939,5952,"tags=40%, list=23%, signal=31%","OPRK1/ANKRD1/CXCL1/LBP/IL36RN/CXCL8/TNIP3/PTGS2/PPBP/CXCL5/IL1A/SLC7A5/FCAR/CXCL11/CXCL3/MMP8/CXCL10/MMP3/BPI/CSF2/CXCL6/AICDA/STAP1/IL6/CXCL2/NUGGC/CD80/CXCL13/GBP5/IL24/PDE4B/CXCL9/TNF/IL12B/TIFAB/CMPK2/CCL2/LYN/PDCD1LG2/EPHB2/ASS1/PTPN22/TNFAIP3/RIPK2/ABCA1/GSTP1/NOD2/CD274/MALT1/CDK19/KLRK1/PLCG2/KLRC4-KLRK1/TLR2/CD86/MRC1/IRAK1/CSF3/IL1B/PRKCA/ADAM9/PPM1E/NLRP7/BCR/SCIMP/CASP1/MAP2K3/IRF8/BCL10/SRC/IRAK2/CCR5/KMO/LILRB2/MTDH/TRIB1"
"GO:0007088","regulation of mitotic nuclear division",116,0.542079667161241,1.85786908813874,6.44722276960148e-06,0.000971820797011902,0.000901413499531822,5768,"tags=47%, list=22%, signal=37%","EPGN/HOXA13/DMRT1/IL1A/CDC20/TTK/NDC80/TRIP13/AURKB/CDCA2/PLK1/SKA1/BUB1/TGFA/CDCA8/CENPF/BUB1B/DLGAP5/HASPIN/BORA/UBE2C/BIRC5/AURKA/MTBP/CHEK1/MKI67/KNL1/TNF/FBXO5/SKA3/CCNB1/MAD2L1/NUF2/SPC24/INCENP/MAD1L1/ESPL1/EDN1/KIF20B/EREG/NEK2/CAV2/RAD21/CD28/ZWINT/IL1B/SPDL1/BMP7/GEN1/SPC25/FBXO43/PHIP/ATM/KNTC1/NSMCE2"
"GO:0019730","antimicrobial humoral response",133,0.528144830582593,1.83503662900672,6.49464591320098e-06,0.000971820797011902,0.000901413499531822,2645,"tags=32%, list=10%, signal=29%","KRT6A/PGLYRP4/CXCL1/S100A7/S100A9/CCL7/IL36RN/CXCL8/PPBP/DEFB1/MMP7/SPINK5/CCL20/CXCL5/SPRR2A/PI3/S100A12/CCL8/CCL24/WFDC5/KLK5/KLK7/H2BC11/CXCL11/CXCL3/CXCL10/SLPI/BPI/IGHG3/CCL25/ADM/CXCL6/IGHE/CXCL2/CCL18/CXCL13/H2BC8/COLEC11/CXCL9/FGB/GAPDH/IGHM/CCL2"
"GO:0003341","cilium movement",192,-0.372054214289183,-1.72105125435913,7.18718929558707e-06,0.00103678754979102,0.000961673485895469,4164,"tags=35%, list=16%, signal=30%","TMEM232/SLC9C1/CAMSAP3/DNAAF4/DNAH6/RSPH9/CFAP65/KIF9/LZTFL1/CFAP73/TEKT1/DYNC2H1/EFHC1/TTLL3/RSPH4A/SEPTIN4/LRRC23/SPAG17/RIBC1/TTC12/SPACA9/CFAP91/DRC7/CFAP45/TTLL6/CFAP52/CELSR2/SPAG8/SPEF2/BBOF1/CFAP69/DNAI3/PACRG/TTC21A/SORD/RGN/DRC1/TEKT2/IQUB/TEKT4/TCTE1/TPGS1/CCDC40/ZMYND12/DNALI1/GAS2L2/SPA17/BBS4/JHY/CFAP53/EFHB/SPEF1/TTLL9/CFAP57/NEURL1/NME5/ZMYND10/TEKT3/TAC1/DNAAF1/ATP1A4/DNAH9/ROPN1L/CFAP46/NEK10/CFAP77/SPAG6"
"GO:0090068","positive regulation of cell cycle process",243,0.460339659679356,1.69277161706709,7.26680760244726e-06,0.00103678754979102,0.000961673485895469,5659,"tags=37%, list=22%, signal=29%","STRA8/EPGN/HOXA13/CCNE1/DMRT1/IL1A/EGFR/FAM83D/TERT/CDC20/NDC80/KIF14/CDK1/SOX15/AURKB/CXCR5/STIL/NCAPH/SKA1/BUB1/E2F8/TGFA/CDCA8/NCAPG/DLGAP5/CCNE2/UBE2C/RRM2/BIRC5/AURKA/MTBP/CDC25A/CDCA5/KNL1/TNF/KIF23/RAD51AP1/FBXO5/CDC6/SKA3/WNT10B/SPAG5/CCNB1/MAD2L1/PLK4/PLSCR1/NCAPD2/ANXA1/E2F7/ECT2/SMC4/DBF4/GPSM2/EZH2/ADAM17/CDC25B/INCENP/ATAD5/NCAPG2/MAD1L1/ESPL1/EDN1/KIF20B/RACGAP1/EREG/PLCG2/DDX11/DYRK3/MED1/RAD21/TFDP1/SPAST/CDC7/CD28/IL1B/DRD2/DAZL/RDX/SMC2/SASS6/GEN1/RANBP1/RCC2/NPM2/FEN1/CIT/SMC6/PHIP/MIR221"
"GO:0045132","meiotic chromosome segregation",85,0.58226955049141,1.9152565679229,7.85012513566918e-06,0.00109455722062115,0.00101525781060832,4419,"tags=42%, list=17%, signal=35%","HORMAD1/MAEL/CCNE1/SHOC1/TTK/NDC80/C14orf39/ASPM/TRIP13/MEIOC/NCAPH/PLK1/SYCP2L/SKA1/CCNB2/CCNE2/AURKA/KNL1/FBXO5/SKA3/SGO1/NUF2/SPDYA/SYCE1/SMC4/TEX11/PTTG1/NDC1/ESPL1/FANCD2/DCAF13/KASH5/DMC1/STAG3/ACTR3/ZWINT"
"GO:0002443","leukocyte mediated immunity",443,0.407190270844951,1.54289355190836,8.40123084352968e-06,0.00114536780500121,0.00106238722666951,5514,"tags=32%, list=21%, signal=26%","CPLX2/SERPINB4/CHGA/RAET1L/IGHV3-73/IGHV5-10-1/IGLC7/IGHV1-18/IL20RB/IGHV4-39/FCAR/IGHV3-48/IGHV4-34/IGHD/C8B/CLEC12B/IL21/CLEC7A/IGHV3-38/IL23R/C4BPA/ULBP2/ULBP3/ADORA2B/IGHV3-21/TFRC/IGHV4-4/IGHG3/CXCL6/ANXA3/AICDA/IGHV2-5/SERPINB9/EXO1/STAP1/IGHE/ULBP1/IL6/RSAD2/IL7R/NCR3/ADGRE2/UNC13D/CTSC/IGHV2-26/IGHV3-15/KIR2DL4/CD80/TREM1/APLF/IGHV3-64/IGHV4-61/CD226/GZMB/CCR2/IL18R1/TNF/CLNK/IGHV3-74/IGHV1-24/ICAM1/SLA2/IL12B/PTPRC/IGHV3-49/IGHV1-69/SCN11A/IGHV4-28/TLR8/LAG3/IGHM/IGHV6-1/NR4A3/LYN/IL27RA/TAP2/IGHV3-64D/DDX21/ADAM17/ATAD5/CR1/IL23A/IGHV2-70/NOD2/SCNN1B/IGHV3-11/RIF1/PVR/CD274/IGLC2/RNF168/CD19/MALT1/KIT/IGHV1-3/IGHV1-69D/KLRK1/MSH2/PLCG2/IL12A/KLRC4-KLRK1/IGHV3-30/IGHG1/SLAMF6/PRKAA1/IGHV1-58/KLRD1/IGHG2/PTGDS/CD28/CD96/IL1B/HSPD1/CEBPG/IL4I1/IGHV3-35/JAG1/SH2D1B/IGLC3/PIK3CG/SH2D1A/CYRIB/CD84/CSF2RB/SLAMF1/IGHV3-43/FUT7/BCR/TUBB/CBL/KLRC1/SCIMP/KIR3DL1/CR1L/NCR1/MSH6/RAET1E/BCL10/PRF1/ARG1/NBN/CD7/IL2RB"
"GO:0035082","axoneme assembly",83,-0.486545204056601,-1.97470148555347,1.00009013532307e-05,0.0013338158652624,0.00123718244200378,4007,"tags=43%, list=15%, signal=37%","DNAAF4/CLUAP1/RSPH9/CFAP65/CFAP73/TTLL3/RSPH4A/LRRC23/SPAG17/TTC12/SPACA9/CFAP91/DRC7/NISCH/RSPH1/SPEF2/BBOF1/CFAP69/DNAI3/DNAAF3/DRC1/TEKT2/LRRC43/RP1/TPGS1/CCDC40/ZMYND12/JHY/SPEF1/CFAP57/NEURL1/ZMYND10/DNAAF1/CFAP46/FOXJ1/SPAG6"
"GO:0051784","negative regulation of nuclear division",64,0.612177559653028,1.94763549093641,1.08896627597714e-05,0.00142144853257867,0.0013184662235011,5766,"tags=56%, list=22%, signal=44%","HORMAD1/DMRT1/CDC20/TTK/NDC80/TRIP13/AURKB/PLK1/SYCP2L/SKA1/BUB1/CDCA8/CENPF/BUB1B/HASPIN/BIRC5/MTBP/CHEK1/KNL1/FBXO5/SKA3/CCNB1/MAD2L1/NUF2/SPC24/INCENP/MAD1L1/RAD21/ZWINT/SPDL1/BMP7/GEN1/SPC25/FBXO43/ATM/KNTC1"
"GO:0060271","cilium assembly",361,-0.306434846480119,-1.52672464648834,1.12758403225976e-05,0.001441193341232,0.00133678054350795,5833,"tags=31%, list=22%, signal=24%","PFN4/UBE2B/SPATA6/SNAP29/TMEM80/INPP5E/HOATZ/CDK10/GAS8/TXNDC15/CFAP410/RFX2/EVI5L/PCM1/PLA2G3/TTC8/CCDC65/CFAP43/TCTN2/STK36/CPLANE2/TEKT5/IFT43/MARK4/CSNK1D/LPAR1/TRAF3IP1/CFAP70/LRGUK/MKS1/ARMC9/CDC14A/DYNC2LI1/DNAAF4/PTPN23/CLUAP1/PPP1R35/RSPH9/CFAP65/ENKD1/RILPL1/CFAP73/CCDC13/IFT88/TEKT1/WDR19/RAB11FIP3/KCNQ1/DYNC2H1/TTLL3/RSPH4A/TCTN1/RABEP2/WDR90/LRRC23/SPAG17/EHD2/MACIR/IFT46/TTC12/TBC1D30/SPACA9/CFAP91/DRC7/RILPL2/NISCH/RSPH1/CROCC/FUZ/CELSR2/IFT140/CCDC57/SPEF2/BBOF1/CFAP69/DNAI3/DNAAF3/BBS5/ABLIM3/DRC1/ERICH3/TEKT2/UBXN10/IQUB/LRRC43/TEKT4/RAB17/RP1/TPGS1/CCDC40/ZMYND12/DNALI1/BBS4/JHY/CFAP53/SPEF1/CFAP57/NEURL1/NME5/DCDC2/CEP126/ZMYND10/TEKT3/DNAAF1/ADAMTS16/KCNF1/CFAP46/FOXJ1/MCIDAS/CCNO/SPAG6"
"GO:0006334","nucleosome assembly",90,0.557791526947358,1.85763396607785,1.16036099150666e-05,0.00145281932303947,0.00134756423632331,6157,"tags=42%, list=23%, signal=32%","H3C7/H3C2/H1-5/H3C3/H3C1/H2BC13/H2BC17/H1-3/H3C12/PADI4/H2BC11/H3C8/H4C11/H3C13/H2BC8/H4C3/H2BC9/H1-9P/ATAD2/H2BC7/TSPYL5/MCM2/SOX9/ATAD2B/CHAF1B/H4C8/H3C10/H2BC6/ASF1B/NASP/H1-4/DNAJC9/SHPRH/ASF1A/H1-2/CHRAC1/H2BC15/RBBP4"
"GO:0019221","cytokine-mediated signaling pathway",476,0.395419913938933,1.49844422157343,1.23546730749456e-05,0.00151591838629582,0.00140609184511907,5934,"tags=32%, list=23%, signal=25%","CXCL1/CCL7/IL36RN/CXCL8/PPBP/MMP12/IL12RB2/FOXC1/IL22RA2/CCL20/MT3/CXCL5/IL20RB/IL1A/IL1R2/CCL8/CCL24/LRP8/IFNE/EPO/FOSL1/AIM2/H2BC11/CXCL11/CXCL3/EDAR/MMP8/RHEX/CXCL10/IL23R/CCR9/CCR3/EDN2/CCR8/MIR27B/CSF2/CCL25/CXCR5/CD24/CXCL6/ANGPT1/IFNL1/STAP1/IL6/CXCL2/CCL18/IL7R/CLDN18/ST18/TNFSF13B/ACKR2/CXCL13/LILRA5/DUOX2/TNFRSF13C/IL34/OASL/CCR2/TNFRSF11A/IL18R1/CXCL9/PADI2/TNF/IL12B/CCR1/PTPRC/HIF1A/IFIH1/IL1RAP/CCL2/CCR4/LYN/STAT4/CXCR4/TXK/SOCS1/IL27RA/ROBO1/OSM/ZBP1/MX1/ADAM17/IL7/CRLF2/CCL19/TNFAIP3/IL2RA/RIPK2/IL1RL1/GSTP1/OTULIN/CXCR6/CNTF/RBM15/EDN1/KIT/IL1RL2/EREG/CNTFR/IL12A/CCL13/LIMS1/IL1RN/PARP14/BIRC3/XCR1/MED1/IRAK1/IL15/CSF3/IL1B/OAS2/ACTN4/NAIP/PTPN2/USP18/IFNGR1/OAS3/SAMHD1/SOS1/CCR7/TNFRSF17/FAS/LILRA4/GPR17/CSF2RB/BIRC7/CBL/STAT1/IFNAR2/CASP1/LEPR/NLRC5/IL10RA/ACSL1/SRC/ARG1/IL2RB/OSMR/IFNGR2/CXCR2/IFNG/DUOX1/IRAK2/CCR5/IL18RAP/EXT1/SH2B2/IL5RA/EIF5A/LILRB2"
"GO:0006953","acute-phase response",37,0.692026952627042,2.00419662393219,1.64771483178343e-05,0.00179994246550526,0.00166953870690541,4445,"tags=51%, list=17%, signal=43%","LBP/ORM1/PTGS2/SAA2/IL1A/EPO/TFRC/SAA1/IL6/TNFRSF11A/TNF/CEBPB/ORM2/PLSCR1/CD163/ASS1/SAA4/IL1RN/IL1B"
"GO:0033046","negative regulation of sister chromatid segregation",49,0.649681593475215,1.98033586215709,1.69412856306011e-05,0.00179994246550526,0.00166953870690541,5766,"tags=59%, list=22%, signal=46%","CDC20/TTK/NDC80/TRIP13/AURKB/PLK1/SKA1/BUB1/CDCA8/CENPF/BUB1B/HASPIN/BIRC5/KNL1/FBXO5/SKA3/CCNB1/MAD2L1/NUF2/SPC24/INCENP/MAD1L1/RAD21/ZWINT/SPDL1/GEN1/SPC25/ATM/KNTC1"
"GO:0033048","negative regulation of mitotic sister chromatid segregation",49,0.649681593475215,1.98033586215709,1.69412856306011e-05,0.00179994246550526,0.00166953870690541,5766,"tags=59%, list=22%, signal=46%","CDC20/TTK/NDC80/TRIP13/AURKB/PLK1/SKA1/BUB1/CDCA8/CENPF/BUB1B/HASPIN/BIRC5/KNL1/FBXO5/SKA3/CCNB1/MAD2L1/NUF2/SPC24/INCENP/MAD1L1/RAD21/ZWINT/SPDL1/GEN1/SPC25/ATM/KNTC1"
"GO:0045841","negative regulation of mitotic metaphase/anaphase transition",49,0.649681593475215,1.98033586215709,1.69412856306011e-05,0.00179994246550526,0.00166953870690541,5766,"tags=59%, list=22%, signal=46%","CDC20/TTK/NDC80/TRIP13/AURKB/PLK1/SKA1/BUB1/CDCA8/CENPF/BUB1B/HASPIN/BIRC5/KNL1/FBXO5/SKA3/CCNB1/MAD2L1/NUF2/SPC24/INCENP/MAD1L1/RAD21/ZWINT/SPDL1/GEN1/SPC25/ATM/KNTC1"
"GO:2000816","negative regulation of mitotic sister chromatid separation",49,0.649681593475215,1.98033586215709,1.69412856306011e-05,0.00179994246550526,0.00166953870690541,5766,"tags=59%, list=22%, signal=46%","CDC20/TTK/NDC80/TRIP13/AURKB/PLK1/SKA1/BUB1/CDCA8/CENPF/BUB1B/HASPIN/BIRC5/KNL1/FBXO5/SKA3/CCNB1/MAD2L1/NUF2/SPC24/INCENP/MAD1L1/RAD21/ZWINT/SPDL1/GEN1/SPC25/ATM/KNTC1"
"GO:1902100","negative regulation of metaphase/anaphase transition of cell cycle",50,0.643320200016046,1.96913777153845,1.78967384508266e-05,0.00179994246550526,0.00166953870690541,5766,"tags=58%, list=22%, signal=45%","CDC20/TTK/NDC80/TRIP13/AURKB/PLK1/SKA1/BUB1/CDCA8/CENPF/BUB1B/HASPIN/BIRC5/KNL1/FBXO5/SKA3/CCNB1/MAD2L1/NUF2/SPC24/INCENP/MAD1L1/RAD21/ZWINT/SPDL1/GEN1/SPC25/ATM/KNTC1"
"GO:1905819","negative regulation of chromosome separation",50,0.643320200016046,1.96913777153845,1.78967384508266e-05,0.00179994246550526,0.00166953870690541,5766,"tags=58%, list=22%, signal=45%","CDC20/TTK/NDC80/TRIP13/AURKB/PLK1/SKA1/BUB1/CDCA8/CENPF/BUB1B/HASPIN/BIRC5/KNL1/FBXO5/SKA3/CCNB1/MAD2L1/NUF2/SPC24/INCENP/MAD1L1/RAD21/ZWINT/SPDL1/GEN1/SPC25/ATM/KNTC1"
"GO:0044458","motile cilium assembly",70,-0.498922780274065,-1.94890356966294,1.60603298516327e-05,0.00179994246550526,0.00166953870690541,2935,"tags=37%, list=11%, signal=33%","RSPH9/CFAP65/ENKD1/SPAG17/TTC12/DRC7/SPEF2/BBOF1/CFAP69/DNAAF3/BBS5/DRC1/TPGS1/CCDC40/ZMYND12/DNALI1/BBS4/JHY/CFAP53/CFAP57/NEURL1/ZMYND10/DNAAF1/FOXJ1/MCIDAS/SPAG6"
"GO:0030071","regulation of mitotic metaphase/anaphase transition",90,0.554482875481519,1.84661504046152,1.76982282601211e-05,0.00179994246550526,0.00166953870690541,5768,"tags=41%, list=22%, signal=32%","CDC20/TTK/NDC80/TRIP13/AURKB/PLK1/SKA1/BUB1/CDCA8/CENPF/BUB1B/DLGAP5/CENPE/HASPIN/UBE2C/BIRC5/KNL1/FBXO5/CDC6/SKA3/CCNB1/MAD2L1/NUF2/SPC24/INCENP/MAD1L1/ESPL1/DPF3/RAD21/ZWINT/SPDL1/GEN1/ACTL6A/SPC25/ATM/KNTC1/NSMCE2"
"GO:0001906","cell killing",218,0.463526411494711,1.69438934067885,1.76001620113859e-05,0.00179994246550526,0.00166953870690541,3966,"tags=27%, list=15%, signal=23%","KRT6A/PGLYRP4/CXCL1/CXCL8/SERPINB4/CHGA/PPBP/RAET1L/CCL20/S100A12/CCL8/C8B/CLEC12B/H2BC11/CXCL11/IL21/CXCL3/CLEC7A/CXCL10/IL23R/ULBP2/ULBP3/CCL25/CXCL6/SERPINB9/STAP1/IGHE/ULBP1/CXCL2/CCL18/GBP1/IL7R/NCR3/UNC13D/CTSC/KIR2DL4/CXCL13/GBP5/TREM1/CD226/GZMB/CXCL9/ICAM1/IL12B/GAPDH/PTPRC/LAG3/TAP2/CR1/CCL19/IL23A/GBP7/SCNN1B/PVR/KLRK1/IL12A/KLRC4-KLRK1/IGHG1/CCL13"
"GO:0071216","cellular response to biotic stimulus",228,0.458177363568636,1.67861627194978,1.77271263740104e-05,0.00179994246550526,0.00166953870690541,5952,"tags=36%, list=23%, signal=28%","OPRK1/ANKRD1/CXCL1/LBP/IL36RN/CXCL8/TNIP3/PTGS2/PPBP/CXCL5/IL1A/SLC7A5/FCAR/CXCL11/CXCL3/MMP8/CLEC7A/CXCL10/MMP3/BPI/CSF2/CXCL6/AICDA/STAP1/IL6/CXCL2/NUGGC/TLR6/CD80/CXCL13/GBP5/IL24/PDE4B/TLR1/CXCL9/TNF/IL12B/TIFAB/CMPK2/CCL2/LYN/PDCD1LG2/EPHB2/ASS1/PTPN22/TNFAIP3/RIPK2/ABCA1/GSTP1/NOD2/CD274/MALT1/CDK19/KLRK1/PLCG2/KLRC4-KLRK1/TLR10/TLR2/CD86/MRC1/IRAK1/CSF3/IL1B/PRKCA/ADAM9/PPM1E/CYRIB/NLRP7/BCR/SCIMP/CASP1/MAP2K3/IRF8/BCL10/IGFBPL1/SRC/IRAK2/CCR5/KMO/LILRB2/MTDH/TRIB1"
"GO:0065004","protein-DNA complex assembly",198,0.470777999275286,1.70785702653103,2.07336306191145e-05,0.00205162619110109,0.00190298823645047,6012,"tags=31%, list=23%, signal=24%","H3C7/H3C2/H1-5/H3C3/H3C1/H2BC13/H2BC17/H1-3/H3C12/PADI4/H2BC11/CENPA/H3C8/CENPW/HJURP/H4C11/CENPN/H3C13/CENPF/CENPI/DLGAP5/CENPE/H2BC8/CDC45/TAF4B/H4C3/H2BC9/WNT10B/H1-9P/OIP5/ATAD2/CENPO/H2BC7/TAF2/TSPYL5/MCM2/DMC1/SOX9/MED1/TAF5/ATAD2B/CHAF1B/H4C8/H3C10/RAD51/CENPK/H2BC6/CDT1/TAF7L/ASF1B/NASP/H1-4/DNAJC9/MED30/SHPRH/MIS18A/KNTC1/ASF1A/TAF13/H1-2/CHRAC1/H2BC15"
"GO:1901970","positive regulation of mitotic sister chromatid separation",20,0.783586310164682,2.03737686546357,2.11157961592422e-05,0.00205627634026906,0.00190730148766689,3340,"tags=55%, list=13%, signal=48%","CDC20/AURKB/SKA1/CDCA8/DLGAP5/UBE2C/BIRC5/SKA3/INCENP/MAD1L1/ESPL1"
"GO:0071824","protein-DNA complex organization",216,0.462149286429261,1.68449160677396,2.2749039811734e-05,0.00218070873820294,0.00202271890168148,5315,"tags=27%, list=20%, signal=22%","H3C7/H3C2/H1-5/H3C3/H3C1/H2BC13/H2BC17/H1-3/H3C12/PADI4/H2BC11/CENPA/H3C8/CENPW/HJURP/H4C11/CENPN/H3C13/CENPF/CENPI/DLGAP5/CENPE/RPL23/H2BC8/CDC45/TAF4B/H4C3/H2BC9/WNT10B/H1-9P/HMGA1/OIP5/ATAD2/CENPO/H2BC7/TAF2/TSPYL5/MCM2/DMC1/SOX9/MED1/TAF5/ATAD2B/MYC/CHAF1B/H4C8/H3C10/RAD51/CENPK/H2BC6/CDT1/TAF7L/ASF1B/NASP/H1-4/DNAJC9/MED30/SHPRH/MIS18A"
"GO:0051310","metaphase chromosome alignment",102,0.54034028853631,1.8273429000847,2.329425320143e-05,0.00219861912908882,0.00203933170537539,5295,"tags=39%, list=20%, signal=31%","FAM83D/TTK/NDC80/KIF14/CDK1/KIF2C/AURKB/MEIOC/SKA1/CDCA8/CENPF/CENPE/BIRC5/KIF18A/CDCA5/KNL1/SKA3/SGO1/SPAG5/CCNB1/NUF2/EML4/KNSTRN/ECT2/SPC24/INCENP/MAD1L1/RACGAP1/KIFC1/NEK2/SEH1L/CHMP4C/PSRC1/ZWINT/SPDL1/CDT1/TTL/CHMP4BP1/SPC25/RCC2"
"GO:0007091","metaphase/anaphase transition of mitotic cell cycle",94,0.549894171689791,1.84564556609947,2.4228204659587e-05,0.00221850799382935,0.00205777964477183,5768,"tags=41%, list=22%, signal=33%","CDC20/TTK/NDC80/TRIP13/AURKB/PLK1/SKA1/BUB1/CDCA8/CENPF/BUB1B/DLGAP5/CENPE/HASPIN/UBE2C/BIRC5/KNL1/FBXO5/CDC6/SKA3/CCNB1/MAD2L1/NUF2/SPC24/INCENP/MAD1L1/ESPL1/ANAPC1/DPF3/RAD21/TACC3/ZWINT/SPDL1/GEN1/ACTL6A/SPC25/ATM/KNTC1/NSMCE2"
"GO:0002460","adaptive immune response based on somatic recombination of immune receptors built from immunoglobulin superfamily domains",364,0.421561060319102,1.58384875912504,2.41269791329021e-05,0.00221850799382935,0.00205777964477183,5514,"tags=33%, list=21%, signal=27%","RAET1L/IGHV3-73/IGHV5-10-1/IGLC7/IGHV1-18/IL20RB/IGHV4-39/IGHV3-48/IGHV4-34/CLEC6A/IGHD/C8B/CLEC7A/IGHV3-38/IL23R/C4BPA/ULBP2/ULBP3/IGHV3-21/TFRC/PLA2G4A/IGHV4-4/IGHG3/AICDA/IGHV2-5/EXO1/IGHE/ULBP1/IL6/RSAD2/IL7R/UNC13D/CTSC/IGHV2-26/TNFSF13B/IGHV3-15/CD80/CXCL13/APLF/IGHV3-64/IGHV4-61/CD226/CCR2/IL18R1/TNF/IGHV3-74/IGHV1-24/ICAM1/SLA2/IRF4/IL12B/PTPRC/IGHV3-49/IGHV1-69/IGHV4-28/TLR8/IGHM/IGHV6-1/STAT4/IL27RA/ANXA1/TAP2/EPHB2/IGHV3-64D/ADAM17/ATAD5/CR1/CCL19/TNFAIP3/RIPK2/IL23A/IL1RL1/IGHV2-70/NOD2/IGHV3-11/RIF1/PVR/CD274/IGLC2/RNF168/CD19/MALT1/CD69/IGHV1-3/IGHV1-69D/SLC11A1/MSH2/IL12A/IGHV3-30/IGHG1/SLAMF6/PRKAA1/IGHV1-58/KLRD1/IL27/KLHL6/IGHG2/CD28/IL1B/HSPD1/IL4I1/IGHV3-35/JAG1/IGLC3/CYRIB/PRKCQ/CSF2RB/SLAMF1/IGHV3-43/FUT7/KLRC1/CR1L/MSH6/ADA/RAET1E/BCL10/PRF1/ARG1/NBN/CD7/IL2RB"
"GO:0051985","negative regulation of chromosome segregation",51,0.638849041283293,1.96209054726845,2.52006882460483e-05,0.00227362091749274,0.00210889970059036,5766,"tags=57%, list=22%, signal=44%","CDC20/TTK/NDC80/TRIP13/AURKB/PLK1/SKA1/BUB1/CDCA8/CENPF/BUB1B/HASPIN/BIRC5/KNL1/FBXO5/SKA3/CCNB1/MAD2L1/NUF2/SPC24/INCENP/MAD1L1/RAD21/ZWINT/SPDL1/GEN1/SPC25/ATM/KNTC1"
"GO:0001819","positive regulation of cytokine production",465,0.397819295761135,1.50891527710599,2.88043424407721e-05,0.00256108175179908,0.002375534328525,5620,"tags=32%, list=21%, signal=25%","LBP/ORM1/PAEP/PTGS2/MMP12/FERMT1/IL12RB2/IL20RB/IL1A/SLC7A5/CLEC6A/IGHD/AIM2/CYP1B1/IL21/INAVA/MMP8/CLEC7A/IL23R/SERPINB7/MIR27B/ADORA2B/CHI3L1/IDO1/MEFV/CSF2/SAA1/IFNL1/IL6/CLEC4E/RSAD2/TLR6/KIR2DL4/POLR3G/CD80/PDE4D/GBP5/PDE4B/LILRA5/HMSD/ZBTB20/CD226/CCR2/TLR1/IL18R1/CGAS/HPSE/TNF/CLNK/CEBPB/IRF4/ORM2/IL12B/GAPDH/PTPRC/TRIM16/HIF1A/TLR8/IFIH1/IL1RAP/NR4A3/ITK/NOX5/TIGIT/TXK/IL27RA/ANXA1/EPHB2/POU2AF1/DDX21/OSM/PELI1/ADAM17/PTPN22/WNT11/IL7/MCOLN2/CRLF2/CCL19/RIPK2/IL23A/IL1RL1/NOD2/CD274/CYBB/GPRC5B/HDAC2/HILPDA/HTR2A/MALT1/KIT/IL1RL2/EREG/TRAF3IP3/KLRK1/SLC11A1/PLCG2/PNP/IL12A/KLRC4-KLRK1/FCN1/NMB/PANX2/EIF2AK2/TLR2/SLAMF6/CD86/IL27/RAD21/CXCL17/CD28/IRAK1/IL15/CD83/KPNA6/IL1B/OAS2/NLRC4/HSPD1/NAIP/PANX1/DRD2/TNFRSF8/CEBPG/IFNGR1/OAS3/TRPV4/CCR7/PIK3CG/CYRIB/PRKCQ/SLAMF1/RAB7B/STAT1/SCIMP/RIOK3/CASP1/POLR3A/IRF8/BCL10/NLRP2/SRC/NODAL/CD7/TMIGD2/IFNG/IFI16"
"GO:0033047","regulation of mitotic sister chromatid segregation",56,0.62079647094801,1.93100534926407,2.9396455323144e-05,0.00257638933439269,0.00238973289438972,5766,"tags=54%, list=22%, signal=42%","CDC20/TTK/NDC80/CDK1/TRIP13/AURKB/PLK1/SKA1/BUB1/CDCA8/CENPF/BUB1B/HASPIN/BIRC5/KNL1/FBXO5/SKA3/CCNB1/MAD2L1/NUF2/SPC24/INCENP/MAD1L1/RAD21/ZWINT/SPDL1/GEN1/SPC25/ATM/KNTC1"
"GO:0044784","metaphase/anaphase transition of cell cycle",96,0.544717523154406,1.82897606410221,3.11872313313956e-05,0.00269484034110017,0.00249960226208339,5768,"tags=41%, list=22%, signal=32%","CDC20/TTK/NDC80/TRIP13/AURKB/PLK1/SKA1/BUB1/CDCA8/CENPF/BUB1B/DLGAP5/CENPE/HASPIN/UBE2C/BIRC5/KNL1/FBXO5/CDC6/SKA3/CCNB1/MAD2L1/NUF2/SPC24/INCENP/MAD1L1/ESPL1/ANAPC1/DPF3/RAD21/TACC3/ZWINT/SPDL1/GEN1/ACTL6A/SPC25/ATM/KNTC1/NSMCE2"
"GO:0016054","organic acid catabolic process",237,-0.331830925858807,-1.60621517669387,3.6992956024155e-05,0.00310892856449577,0.00288369027060681,3457,"tags=26%, list=13%, signal=23%","THNSL2/ACOXL/ACOT4/ALDH5A1/PCK1/CRYL1/ALDH6A1/AFMID/ECHDC2/ACAT1/MCCC2/IDNK/HDC/HMGCL/ABHD2/GLUL/ACAA1/HMGCLL1/ADHFE1/QDPR/BCAT2/MTHFS/AASS/ALDH4A1/ACACB/ACADSB/CSAD/ABHD1/CYP4F2/DDO/CYP4F12/IDUA/DCXR/GLS2/CDO1/SDSL/SORD/FAH/PON3/IVD/FAAH/IRS1/ECI2/CYP4A11/GAD1/ACADS/HAO2/DPEP1/HOGA1/ADIPOQ/CYP26A1/LEP/CRAT/GPT/PRODH/SLC27A2/ABAT/PLIN5/PAH/ACOX2/TAT"
"GO:0046395","carboxylic acid catabolic process",237,-0.331830925858807,-1.60621517669387,3.6992956024155e-05,0.00310892856449577,0.00288369027060681,3457,"tags=26%, list=13%, signal=23%","THNSL2/ACOXL/ACOT4/ALDH5A1/PCK1/CRYL1/ALDH6A1/AFMID/ECHDC2/ACAT1/MCCC2/IDNK/HDC/HMGCL/ABHD2/GLUL/ACAA1/HMGCLL1/ADHFE1/QDPR/BCAT2/MTHFS/AASS/ALDH4A1/ACACB/ACADSB/CSAD/ABHD1/CYP4F2/DDO/CYP4F12/IDUA/DCXR/GLS2/CDO1/SDSL/SORD/FAH/PON3/IVD/FAAH/IRS1/ECI2/CYP4A11/GAD1/ACADS/HAO2/DPEP1/HOGA1/ADIPOQ/CYP26A1/LEP/CRAT/GPT/PRODH/SLC27A2/ABAT/PLIN5/PAH/ACOX2/TAT"
"GO:0045787","positive regulation of cell cycle",320,0.418717581822778,1.56491563435087,4.18194401902779e-05,0.0034670576428021,0.00321587330965352,4898,"tags=31%, list=19%, signal=25%","STRA8/EPGN/RBM46/SPDYC/TGM1/HOXA13/MAGEA4/CCNE1/DMRT1/IL1A/EGFR/FAM83D/TERT/FOSL1/CDC20/NDC80/NR2E1/KIF14/CDK1/SOX15/AURKB/CXCR5/PROX1/MEIOC/STIL/NCAPH/SKA1/BUB1/E2F8/TGFA/CDCA8/NCAPG/DLGAP5/BRCA2/CCNE2/UBE2C/RRM2/BIRC5/AURKA/MTBP/CHEK1/CDC25A/CDCA5/KNL1/TNF/KIF23/RAD51AP1/FBXO5/CDC6/SKA3/WNT10B/SPAG5/CCNB1/MAD2L1/SPDYA/PIM1/PLK4/PLSCR1/NCAPD2/ANXA1/E2F7/ECT2/SMC4/DBF4/GPSM2/EZH2/ADAM17/CDC25B/INCENP/ATAD5/NCAPG2/MAD1L1/ESPL1/EDN1/KIF20B/RACGAP1/EREG/PLCG2/TGFB2/DDX11/DYRK3/MED1/RAD21/TFDP1/SPAST/PSRC1/CDC7/CD28/IL1B/PRKCA/DRD2/DAZL/MEIS2/RDX/TTL/SMC2/SASS6/ASNS"
"GO:1902099","regulation of metaphase/anaphase transition of cell cycle",92,0.5490417314814,1.83712368597013,4.93000733422703e-05,0.00403274599939771,0.00374057819632721,5768,"tags=40%, list=22%, signal=32%","CDC20/TTK/NDC80/TRIP13/AURKB/PLK1/SKA1/BUB1/CDCA8/CENPF/BUB1B/DLGAP5/CENPE/HASPIN/UBE2C/BIRC5/KNL1/FBXO5/CDC6/SKA3/CCNB1/MAD2L1/NUF2/SPC24/INCENP/MAD1L1/ESPL1/DPF3/RAD21/ZWINT/SPDL1/GEN1/ACTL6A/SPC25/ATM/KNTC1/NSMCE2"
"GO:0097530","granulocyte migration",149,0.484875561442449,1.70848917462709,5.21825264243177e-05,0.00421236578438407,0.00390718473476263,5035,"tags=38%, list=19%, signal=31%","CXCL1/LBP/S100A7/S100A8/S100A9/CCL7/CXCL8/PPBP/CXCL5/S100A12/IL1A/CCL8/CCL24/CXCL11/CXCL3/CXCL10/EDN2/CCL25/SAA1/CXCL6/CXCL2/CCL18/ADGRE2/CXADR/CXCL13/TREM1/PDE4B/IL34/CXCL9/PERP/CCL2/CD300H/ANXA1/SLAMF8/MCOLN2/DPP4/CCL19/IL23A/NOD2/EDN1/CAMK1D/VEGFA/TGFB2/CCL13/ITGA9/MCU/CXCL17/IL1B/RIPOR2/AKIRIN1/TRPV4/CCR7/PIK3CG/SLAMF1/CKLF/FUT7"
"GO:0031577","spindle checkpoint signaling",48,0.636285074141287,1.93004032664157,5.58220569098399e-05,0.00441894180642188,0.00409879456192111,5766,"tags=56%, list=22%, signal=44%","CDC20/TTK/NDC80/TRIP13/AURKB/PLK1/SKA1/BUB1/CDCA8/CENPF/BUB1B/HASPIN/BIRC5/KNL1/SKA3/CCNB1/MAD2L1/NUF2/SPC24/INCENP/MAD1L1/ZWINT/SPDL1/GEN1/SPC25/ATM/KNTC1"
"GO:0030593","neutrophil chemotaxis",83,0.559618529225502,1.8395366984711,5.61821452161217e-05,0.00441894180642188,0.00409879456192111,5006,"tags=43%, list=19%, signal=35%","CXCL1/LBP/S100A8/S100A9/CXCL8/PPBP/CXCL5/S100A12/CXCL11/CXCL3/CXCL10/EDN2/SAA1/CXCL6/CXCL2/CXADR/CXCL13/TREM1/PDE4B/CXCL9/PERP/CD300H/DPP4/CCL19/IL23A/NOD2/EDN1/CAMK1D/TGFB2/ITGA9/MCU/IL1B/RIPOR2/CCR7/PIK3CG/CKLF"
"GO:0050000","chromosome localization",119,0.512446564073021,1.76218439633033,6.16711185836103e-05,0.00478926977861328,0.0044422926990406,5295,"tags=37%, list=20%, signal=30%","FAM83D/TTK/NDC80/KIF14/CDK1/KIF2C/AURKB/MEIOC/SKA1/CDCA8/CENPF/DLGAP5/CENPE/BIRC5/KIF18A/CDCA5/KNL1/SKA3/SGO1/SPAG5/CCNB1/NUF2/SPDYA/EML4/KNSTRN/ECT2/SPC24/INCENP/MAD1L1/RACGAP1/KIFC1/KASH5/NEK2/ACTR3/SEH1L/CHMP4C/PSRC1/ZWINT/SPDL1/CDT1/TTL/CHMP4BP1/SPC25/RCC2"
"GO:0007094","mitotic spindle assembly checkpoint signaling",47,0.642915716655978,1.94337006586533,6.68834322173683e-05,0.00496761884203793,0.00460772057822795,5766,"tags=57%, list=22%, signal=45%","CDC20/TTK/NDC80/TRIP13/AURKB/PLK1/SKA1/BUB1/CDCA8/CENPF/BUB1B/HASPIN/BIRC5/KNL1/SKA3/CCNB1/MAD2L1/NUF2/SPC24/INCENP/MAD1L1/ZWINT/SPDL1/GEN1/SPC25/ATM/KNTC1"
"GO:0071173","spindle assembly checkpoint signaling",47,0.642915716655978,1.94337006586533,6.68834322173683e-05,0.00496761884203793,0.00460772057822795,5766,"tags=57%, list=22%, signal=45%","CDC20/TTK/NDC80/TRIP13/AURKB/PLK1/SKA1/BUB1/CDCA8/CENPF/BUB1B/HASPIN/BIRC5/KNL1/SKA3/CCNB1/MAD2L1/NUF2/SPC24/INCENP/MAD1L1/ZWINT/SPDL1/GEN1/SPC25/ATM/KNTC1"
"GO:0071174","mitotic spindle checkpoint signaling",47,0.642915716655978,1.94337006586533,6.68834322173683e-05,0.00496761884203793,0.00460772057822795,5766,"tags=57%, list=22%, signal=45%","CDC20/TTK/NDC80/TRIP13/AURKB/PLK1/SKA1/BUB1/CDCA8/CENPF/BUB1B/HASPIN/BIRC5/KNL1/SKA3/CCNB1/MAD2L1/NUF2/SPC24/INCENP/MAD1L1/ZWINT/SPDL1/GEN1/SPC25/ATM/KNTC1"
"GO:0034728","nucleosome organization",108,0.524081335822273,1.78528807396291,6.76208535158856e-05,0.00496761884203793,0.00460772057822795,6157,"tags=36%, list=23%, signal=28%","H3C7/H3C2/H1-5/H3C3/H3C1/H2BC13/H2BC17/H1-3/H3C12/PADI4/H2BC11/H3C8/H4C11/H3C13/H2BC8/H4C3/H2BC9/H1-9P/HMGA1/ATAD2/H2BC7/TSPYL5/MCM2/SOX9/ATAD2B/CHAF1B/H4C8/H3C10/H2BC6/ASF1B/NASP/H1-4/DNAJC9/SHPRH/ASF1A/H1-2/CHRAC1/H2BC15/RBBP4"
"GO:0033045","regulation of sister chromatid segregation",104,0.524263334356545,1.7761381888815,6.80162971036978e-05,0.00496761884203793,0.00460772057822795,5768,"tags=38%, list=22%, signal=30%","CDC20/TTK/NDC80/CDK1/TRIP13/AURKB/PLK1/SKA1/BUB1/CDCA8/CENPF/BUB1B/DLGAP5/CENPE/HASPIN/UBE2C/BIRC5/KNL1/FBXO5/CDC6/SKA3/CCNB1/MAD2L1/NUF2/SPC24/INCENP/MAD1L1/ESPL1/ANAPC1/DPF3/RAD21/TACC3/ZWINT/SPDL1/GEN1/ACTL6A/SPC25/ATM/KNTC1/NSMCE2"
"GO:2001251","negative regulation of chromosome organization",96,0.534182782024448,1.79360398857831,6.9991855359066e-05,0.00501121246655051,0.00464815589485216,5766,"tags=38%, list=22%, signal=29%","CDC20/TTK/NDC80/TRIP13/AURKB/PLK1/SKA1/BUB1/CDCA8/CENPF/BUB1B/PIF1/HASPIN/BIRC5/TOP2A/KNL1/FBXO5/SKA3/CCNB1/MAD2L1/NUF2/SPC24/INCENP/MAD1L1/ESPL1/XRN1/MCM2/RAD21/ZWINT/SPDL1/GEN1/SPC25/SRC/NBN/ATM/KNTC1"
"GO:0051303","establishment of chromosome localization",111,0.522947849967425,1.78288864619944,7.02468251219795e-05,0.00501121246655051,0.00464815589485216,5295,"tags=38%, list=20%, signal=30%","FAM83D/TTK/NDC80/KIF14/CDK1/KIF2C/AURKB/MEIOC/SKA1/CDCA8/CENPF/CENPE/BIRC5/KIF18A/CDCA5/KNL1/SKA3/SGO1/SPAG5/CCNB1/NUF2/SPDYA/EML4/KNSTRN/ECT2/SPC24/INCENP/MAD1L1/RACGAP1/KIFC1/KASH5/NEK2/SEH1L/CHMP4C/PSRC1/ZWINT/SPDL1/CDT1/TTL/CHMP4BP1/SPC25/RCC2"
"GO:0018149","peptide cross-linking",23,0.734162827653055,1.96682848982165,7.41509185289308e-05,0.00522891822040219,0.0048500891175729,4121,"tags=52%, list=16%, signal=44%","SPRR1B/IVL/TGM1/PI3/KRT2/SPRR1A/TGM5/CSTA/TGM4/ANXA1/SPRR2E/DSP"
"GO:0006959","humoral immune response",230,0.447001941339042,1.63859500753722,7.63450242657437e-05,0.00532246277125383,0.00493685647345228,3521,"tags=28%, list=13%, signal=24%","KRT6A/PGLYRP4/CXCL1/S100A7/S100A9/CCL7/IL36RN/CXCL8/PPBP/DEFB1/MMP7/SPINK5/CCL20/CXCL5/SPRR2A/PI3/S100A12/CCL8/CCL24/WFDC5/C8B/IFNE/KLK5/KLK7/H2BC11/CXCL11/CXCL3/CXCL10/SLPI/C4BPA/BPI/IGHG3/CCL25/ADM/CXCL6/TNFRSF21/EXO1/IGHE/IL6/MS4A1/CXCL2/CCL18/CXCL13/TREM1/H2BC8/CCR2/COLEC11/CXCL9/TNF/FGB/GPR183/GAPDH/PTPRC/IGHM/CCL2/MASP1/POU2AF1/IL7/CR1/CCL19/H2BC7/NOD2/PRSS3/WFDC3"
"GO:0141060","disruption of anatomical structure in another organism",91,0.538495331961034,1.79897611549372,8.46564105921737e-05,0.0058355851571122,0.00541280373342745,2413,"tags=29%, list=9%, signal=26%","KRT6A/PGLYRP4/CXCL1/CXCL8/CHGA/PPBP/CCL20/S100A12/CCL8/C8B/H2BC11/CXCL11/CXCL3/CLEC7A/CXCL10/CCL25/CXCL6/CXCL2/CCL18/GBP1/CXCL13/GBP5/TREM1/GZMB/CXCL9/GAPDH"
"GO:0060326","cell chemotaxis",292,0.418690263122013,1.5600625854382,9.23567782826294e-05,0.00629565371959924,0.00583954085843151,5006,"tags=31%, list=19%, signal=26%","CXCL1/LBP/S100A7/S100A8/S100A9/CCL7/CXCL8/CHGA/PPBP/FPR2/CCL20/CXCL5/S100A12/CCL8/CCL24/CXCL11/CXCL3/MET/CXCL10/CCR9/CCR3/EDN2/CCR8/CCL25/CXCR5/SAA1/CXCL6/STAP1/IL6/CXCL2/CCL18/GPR18/ADGRE2/CXADR/ACKR2/CXCL13/TREM1/PDE4B/IL34/CCR2/TNFRSF11A/CXCL9/PADI2/GPR183/PERP/CYP7B1/TAFA4/GREM1/CCR1/CCN3/CYP19A1/CCL2/CCR4/LYN/CXCR4/CD300H/ANXA1/SLAMF8/ADAM17/DPP4/CCL19/IL23A/NOD2/CXCR6/PLA2G7/EDN1/CNR2/KIT/BIN2/CAMK1D/VEGFA/KLRK1/IL12A/KLRC4-KLRK1/TGFB2/CCL13/EPHA2/XCR1/ITGA9/MCU/CXCL17/IL1B/RIPOR2/AKIRIN1/TRPV4/ABCC1/CCR7/PIK3CG/PRKCQ/SLAMF1/CKLF"
"GO:0007143","female meiotic nuclear division",38,0.654017510139908,1.90749114960508,9.40997423481788e-05,0.00634397713523162,0.00588436329825627,4597,"tags=53%, list=17%, signal=43%","RBM46/TTK/NDC80/TRIP13/MEIOC/NCAPH/PLK1/SKA1/CCNB2/AURKA/TOP2A/FBXO5/SKA3/CDC25B/HSF2BP/MASTL/EREG/DCAF13/SPIRE1/DAZL"
"GO:0045839","negative regulation of mitotic nuclear division",57,0.594883719858076,1.85287398254823,0.000101556447535045,0.00662817878327126,0.00614797486421558,5766,"tags=56%, list=22%, signal=44%","CDC20/TTK/NDC80/TRIP13/AURKB/PLK1/SKA1/BUB1/CDCA8/CENPF/BUB1B/HASPIN/BIRC5/MTBP/CHEK1/KNL1/FBXO5/SKA3/CCNB1/MAD2L1/NUF2/SPC24/INCENP/MAD1L1/RAD21/ZWINT/SPDL1/BMP7/GEN1/SPC25/ATM/KNTC1"
"GO:0031640","killing of cells of another organism",88,0.54101381477372,1.79778156939415,0.000101011943586169,0.00662817878327126,0.00614797486421558,2413,"tags=30%, list=9%, signal=27%","KRT6A/PGLYRP4/CXCL1/CXCL8/CHGA/PPBP/CCL20/S100A12/CCL8/C8B/H2BC11/CXCL11/CXCL3/CLEC7A/CXCL10/CCL25/CXCL6/CXCL2/CCL18/GBP1/CXCL13/GBP5/TREM1/GZMB/CXCL9/GAPDH"
"GO:0141061","disruption of cell in another organism",88,0.54101381477372,1.79778156939415,0.000101011943586169,0.00662817878327126,0.00614797486421558,2413,"tags=30%, list=9%, signal=27%","KRT6A/PGLYRP4/CXCL1/CXCL8/CHGA/PPBP/CCL20/S100A12/CCL8/C8B/H2BC11/CXCL11/CXCL3/CLEC7A/CXCL10/CCL25/CXCL6/CXCL2/CCL18/GBP1/CXCL13/GBP5/TREM1/GZMB/CXCL9/GAPDH"
"GO:0039692","single stranded viral RNA replication via double stranded DNA intermediate",20,0.748908838737163,1.94721311818683,0.000106420614213164,0.00687253124418696,0.00637462427076304,1877,"tags=30%, list=7%, signal=28%","CXCL8/APOBEC3A/HMGA2/AICDA/APOBEC3B/TOP2A"
"GO:0008608","attachment of spindle microtubules to kinetochore",54,0.610561435955593,1.88965145119826,0.000138107511948793,0.00882593318547753,0.00818650449117514,5295,"tags=48%, list=20%, signal=39%","NDC80/CDK1/KIF2C/AURKB/SKA1/CDCA8/CENPE/BIRC5/KNL1/SKA3/SGO1/SPAG5/CCNB1/NUF2/EML4/KNSTRN/ECT2/SPC24/INCENP/MAD1L1/RACGAP1/NEK2/SEH1L/CDT1/SPC25/RCC2"
"GO:0044409","symbiont entry into host",151,0.479573901340233,1.69336153564385,0.000141690231682833,0.00896154197292967,0.00831228857815945,5523,"tags=33%, list=21%, signal=26%","KRT6A/SERPINB3/ACE2/CXCL8/MOG/CLDN6/EGFR/TRIM34/CLDN1/GPR15/CDK1/TFRC/HAVCR1/CXADR/CD80/PTX3/SLC10A1/NECTIN1/CLEC4M/ICAM1/LY6E/CXCR4/PLSCR1/NECTIN3/ITGB6/CLDN9/CR1/DPP4/PVR/SLC7A1/HTR2A/FCN1/ITGB7/EPHA2/CAV2/CD86/TYRO3/MRC1/NECTIN4/ZNF639/KPNA3/SIGLEC1/SLAMF1/CBL/EFNB2/TRIM59/NPC1/SLC52A2/SRC/CTSL"
"GO:0042303","molting cycle",108,0.513161349408966,1.7480890359912,0.000157021094103127,0.00973054961942106,0.00902558250634242,4723,"tags=34%, list=18%, signal=28%","KRT16/KRT17/PTGS2/GAL/FERMT1/KRT83/DKK1/SPINK5/TRPV3/CDH3/KRT14/SOSTDC1/EGFR/FOXI3/TERT/LHX2/EDAR/WNT10A/CD109/LGR5/HPSE/TNF/WNT10B/FOXE1/SOX21/DSG4/SNAI1/HDAC2/MPZL3/FZD6/TGFB2/FGF7/SOX9/SMO/HOXC13/LGR4/SOS1"
"GO:0042633","hair cycle",108,0.513161349408966,1.7480890359912,0.000157021094103127,0.00973054961942106,0.00902558250634242,4723,"tags=34%, list=18%, signal=28%","KRT16/KRT17/PTGS2/GAL/FERMT1/KRT83/DKK1/SPINK5/TRPV3/CDH3/KRT14/SOSTDC1/EGFR/FOXI3/TERT/LHX2/EDAR/WNT10A/CD109/LGR5/HPSE/TNF/WNT10B/FOXE1/SOX21/DSG4/SNAI1/HDAC2/MPZL3/FZD6/TGFB2/FGF7/SOX9/SMO/HOXC13/LGR4/SOS1"
"GO:0001578","microtubule bundle formation",113,-0.409964243692579,-1.76339731215306,0.000170713140387529,0.0104557968998673,0.00969828645660067,5658,"tags=47%, list=22%, signal=37%","HOATZ/GAS8/FES/PLA2G3/CCDC65/CFAP43/STK36/TRIM46/CPLANE2/MARK4/LRGUK/NUMA1/TPPP/DNAAF4/CLUAP1/RSPH9/CFAP65/CFAP73/NCKAP5/TTLL3/RSPH4A/LRRC23/SPAG17/TTC12/SPACA9/CFAP91/DRC7/NISCH/TTLL6/RSPH1/TPPP3/SPEF2/BBOF1/CFAP69/DNAI3/DNAAF3/DRC1/TEKT2/LRRC43/RP1/TPGS1/CCDC40/ZMYND12/GAS2L2/JHY/SPEF1/CFAP57/NEURL1/ZMYND10/DNAAF1/CFAP46/FOXJ1/SPAG6"
"GO:0060294","cilium movement involved in cell motility",158,-0.360569835686824,-1.65289098145149,0.000172132923697898,0.0104557968998673,0.00969828645660067,4164,"tags=34%, list=16%, signal=29%","TMEM232/SLC9C1/DNAH6/RSPH9/CFAP65/KIF9/LZTFL1/TEKT1/DYNC2H1/EFHC1/TTLL3/RSPH4A/SEPTIN4/LRRC23/RIBC1/TTC12/SPACA9/DRC7/CFAP45/TTLL6/CFAP52/SPAG8/SPEF2/BBOF1/CFAP69/DNAI3/PACRG/TTC21A/SORD/RGN/DRC1/TEKT2/IQUB/TEKT4/TCTE1/TPGS1/CCDC40/ZMYND12/DNALI1/GAS2L2/BBS4/CFAP53/EFHB/TTLL9/CFAP57/NEURL1/TEKT3/TAC1/ATP1A4/DNAH9/ROPN1L/CFAP46/CFAP77/SPAG6"
"GO:0045091","regulation of single stranded viral RNA replication via double stranded DNA intermediate",19,0.768234250808193,1.96889548128605,0.0001757180721831,0.0105689252239541,0.00980321876389928,1877,"tags=32%, list=7%, signal=29%","CXCL8/APOBEC3A/HMGA2/AICDA/APOBEC3B/TOP2A"
"GO:0097529","myeloid leukocyte migration",225,0.431229330837048,1.57957431575207,0.000185146490136035,0.0110279001648988,0.0102289414989822,5064,"tags=32%, list=19%, signal=26%","CXCL1/LBP/S100A7/S100A8/S100A9/CCL7/CXCL8/CHGA/PPBP/FPR2/CXCL5/S100A12/IL1A/CCL8/CCL24/CXCL11/CXCL3/CXCL10/EDN2/CCL25/SAA1/CXCL6/STAP1/IL6/CXCL2/CCL18/ADGRE2/CXADR/CXCL13/TREM1/PDE4B/IL34/CCR2/TNFRSF11A/CXCL9/PERP/TAFA4/GREM1/CCR1/CCN3/CYP19A1/CCL2/LYN/CD300H/ANXA1/SLAMF8/MCOLN2/DPP4/CCL19/IL23A/NOD2/PLA2G7/TRIM55/EDN1/KIT/CAMK1D/VEGFA/TGFB2/CCL13/ITGA9/MCU/CXCL17/IL1B/CD200R1/RIPOR2/AKIRIN1/TRPV4/CCR7/PIK3CG/SLAMF1/CKLF/FUT7/BCR"
"GO:0006260","DNA replication",270,0.415213226703119,1.54025468823971,0.000190687828099856,0.0112487483210828,0.0104337894606055,8339,"tags=46%, list=32%, signal=31%","STRA8/CCNE1/EGFR/MCM10/CDK1/CCNA2/TICRR/ORC1/AICDA/EXO1/E2F8/DSCC1/NUGGC/GINS4/MMS22L/PIF1/BLM/DNA2/BRCA2/CCNE2/POLQ/CDC45/CHEK1/CDC25A/ORC6/HELB/FBXO5/CDC6/FAM111B/GINS1/DONSON/RFC4/HMGA1/E2F7/DBF4/ATAD5/GMNC/MCM6/WDHD1/NFIB/RBMS1/LPIN1/MCM7/CDK2AP1/EREG/MCM2/DDX11/CDC7/CHAF1B/RAD51/ATR/ZRANB3/CDT1/GTPBP4/MCM5/SAMHD1/TOPBP1/RECQL/MCM8/MCM4/NASP/METTL4/GEN1/REV3L/RFWD3/ACTL6A/INO80D/SLFN11/NPM2/FEN1/OBI1/BARD1/NBN/PRIM2/PCNA/USP37/ASF1A/ESCO2/CHRAC1/ORC3/RBBP4/RFC3/TK1/RUVBL1/DNAJC2/RNASEH1/GMNN/GINS3/TWNK/ZMPSTE24/DTL/ESCO1/RPA1/FAF1/RMI2/POLD3/POLA1/ANKRD17/BAZ1A/TIMELESS/NOC3L/SSRP1/CARM1/TNFAIP1/POLE2/RECQL4/SSBP1/JADE3/ZPR1/CDK2/PRIM1/KIN/RRM1/UCHL5/RMI1/SDE2/EME1/PCLAF/ATF1/FANCM/SMARCA5/S100A11/MCM3"
"GO:0051445","regulation of meiotic cell cycle",65,0.570810720729625,1.81723327371205,0.000200583605376102,0.0117198135141179,0.0108707265229394,3409,"tags=28%, list=13%, signal=24%","STRA8/HORMAD1/RBM46/DMRT1/CDC20/TTK/ASPM/TRIP13/MEIOC/SYCP2L/PSMA8/CDC25A/KNL1/RAD51AP1/FBXO5/GPR3/CDC25B/ANAPC1"
"GO:0002757","immune response-activating signaling pathway",485,0.368923054471367,1.40023331058098,0.000203705633498407,0.0117899439765352,0.010935776114125,7969,"tags=38%, list=30%, signal=27%","LBP/S100A8/S100A9/TNIP3/FPR2/MOG/IGLC7/CLEC6A/IGHD/FOSL1/AIM2/INAVA/CD38/CLEC7A/MEFV/BTNL8/AURKB/IGHG3/TNFRSF21/STAP1/IGHE/MS4A1/CLEC4E/RSAD2/GBP1/TLR6/NCR3/LAX1/PDE4D/GBP5/TRAT1/PDE4B/CD226/CD79A/OASL/TLR1/COLEC11/FPR3/CGAS/TNF/BTNL3/SLA2/IRF4/PTPRC/TIFAB/CTLA4/BANK1/KCNN4/TLR8/IFIH1/IGHM/NR4A3/ITK/LYN/PLSCR1/TXK/YES1/PRKCB/PIK3AP1/PELI1/THEMIS/PTPN22/CR1/TNFAIP3/RIPK2/OTULIN/NOD2/FYB1/THEMIS2/PRKDC/CD274/DDX60/CD19/MALT1/TRAF3IP3/KLRK1/ICOSLG/PLCG2/CD79B/KLRC4-KLRK1/FCN1/IGHG1/BLK/TLR10/EIF2AK2/BIRC3/TLR2/PRNP/KLRD1/TYRO3/KLHL6/IGHG2/CD3G/RPS6KA3/CD28/IRAK1/NLRC4/HSPD1/NAIP/LGR4/PTPN2/FCRL3/OAS3/SOS1/IGLC3/CCR7/SH2D1A/LILRA4/BRAF/RAB7B/CLPB/NMI/PTPRS/KLRC1/SCIMP/RIOK3/CASP1/ADA/IPO5/BCL10/SRC/TESPA1/CD47/TMIGD2/PAK3/IFI16/IRAK2/FOXP3/SH2B2/MFHAS1/CD247/OTUD4/CD300LB/TRBC1/SMPDL3B/PIK3CA/ZC3H12A/CD300A/RC3H2/SLC39A10/CD3D/RC3H1/ZC3HAV1/CHUK/TRIM25/IGKC/PAK2/FCGR2B/NCKAP1L/COLEC10/BTN1A1/ANKRD17/SLC19A1/EIF2B3/OAS1/NLRP3/PLEKHA1/MNDA/CYLD/PTK2/LPXN/ITCH/LCP2/PVRIG/ZDHHC18/IRAK3/TIFA/LRRC19/PAK1/BTK/CTSS/DHX33/TRGC1/CBLB/CRKL/MAPK1/TLR4/MAP3K7/MYO1G/SYK/WASHC4/BTNL2/TRBC2/GFI1/CD300LF"
"GO:0000075","cell cycle checkpoint signaling",197,0.443175556498528,1.60559963048706,0.00020753500159043,0.0118993199510027,0.0110372279252126,8846,"tags=49%, list=34%, signal=33%","HORMAD1/CDC20/TTK/NDC80/CDK1/GTSE1/CLSPN/TRIP13/AURKB/PROX1/TICRR/ORC1/PLK1/SYCP2L/SKA1/BUB1/CDCA8/CENPF/BUB1B/HASPIN/NABP1/BLM/DNA2/BRCA2/BIRC5/CDC45/CHEK1/KNL1/CDC6/SKA3/CCNB1/MAD2L1/NUF2/DONSON/LYN/RBM38/CHEK2/E2F7/SPC24/INCENP/MAD1L1/PRKDC/FANCD2/MSH2/CHMP4C/ZWINT/SPDL1/E2F1/RAD51/ATR/CDT1/TOPBP1/STK38/GEN1/RFWD3/NSUN2/SPC25/BARD1/USP28/NBN/ATM/KNTC1/WDR76/ZWILCH/ERCC6/RAD1/DTL/DTX3L/RINT1/TIMELESS/ZW10/TTI1/FOXN3/PCID2/CDK2/IER3/MAD2L2/RNASEH2B/TIPRL/PTPN11/CLOCK/TAOK1/SDE2/EME1/CASP2/BRIP1/UFL1/NAE1/CDC5L/RAD9B/PARP9/HUS1/TPR/STK33/BRD4/MAPK14"
"GO:0001539","cilium or flagellum-dependent cell motility",161,-0.356838530534298,-1.646430026365,0.000218569335652444,0.0123020447176857,0.0114107757463748,4164,"tags=34%, list=16%, signal=28%","TMEM232/SLC9C1/DNAH6/RSPH9/CFAP65/KIF9/LZTFL1/TEKT1/DYNC2H1/EFHC1/TTLL3/RSPH4A/SEPTIN4/LRRC23/RIBC1/TTC12/SPACA9/DRC7/CFAP45/TTLL6/CFAP52/SPAG8/SPEF2/BBOF1/CFAP69/DNAI3/PACRG/TTC21A/SORD/RGN/DRC1/TEKT2/IQUB/TEKT4/TCTE1/TPGS1/CCDC40/ZMYND12/DNALI1/GAS2L2/BBS4/CFAP53/EFHB/TTLL9/CFAP57/NEURL1/TEKT3/TAC1/ATP1A4/DNAH9/ROPN1L/CFAP46/CFAP77/SPAG6"
"GO:0060285","cilium-dependent cell motility",161,-0.356838530534298,-1.646430026365,0.000218569335652444,0.0123020447176857,0.0114107757463748,4164,"tags=34%, list=16%, signal=28%","TMEM232/SLC9C1/DNAH6/RSPH9/CFAP65/KIF9/LZTFL1/TEKT1/DYNC2H1/EFHC1/TTLL3/RSPH4A/SEPTIN4/LRRC23/RIBC1/TTC12/SPACA9/DRC7/CFAP45/TTLL6/CFAP52/SPAG8/SPEF2/BBOF1/CFAP69/DNAI3/PACRG/TTC21A/SORD/RGN/DRC1/TEKT2/IQUB/TEKT4/TCTE1/TPGS1/CCDC40/ZMYND12/DNALI1/GAS2L2/BBS4/CFAP53/EFHB/TTLL9/CFAP57/NEURL1/TEKT3/TAC1/ATP1A4/DNAH9/ROPN1L/CFAP46/CFAP77/SPAG6"
"GO:0032729","positive regulation of type II interferon production",75,0.547407107382937,1.76671717792542,0.00022639803336213,0.0126268357697879,0.0117120360608198,4863,"tags=40%, list=18%, signal=33%","IL12RB2/SLC7A5/IL21/CLEC7A/IL23R/IFNL1/PDE4D/PDE4B/HMSD/CD226/CCR2/IL18R1/TNF/IL12B/TLR8/TXK/IL27RA/PTPN22/RIPK2/IL23A/KLRK1/SLC11A1/IL12A/KLRC4-KLRK1/SLAMF6/IL27/IL1B/HSPD1/CEBPG/CYRIB"
"GO:0044782","cilium organization",387,-0.281913374725959,-1.40408859006751,0.000228737472578832,0.0126423819303706,0.0117264559199731,5833,"tags=30%, list=22%, signal=24%","PFN4/UBE2B/SPATA6/SNAP29/TMEM80/INPP5E/HOATZ/CDK10/GAS8/TXNDC15/CFAP410/RFX2/EVI5L/PCM1/PLA2G3/TTC8/CCDC65/CFAP43/CCDC32/TCTN2/STK36/CPLANE2/TEKT5/IFT43/MARK4/CSNK1D/LPAR1/TRAF3IP1/CFAP70/LRGUK/KIF19/MKS1/SSNA1/ARMC9/CDC14A/DYNC2LI1/DNAAF4/PTPN23/CLUAP1/PPP1R35/RSPH9/CFAP65/ENKD1/RILPL1/CFAP73/CCDC13/IFT88/TEKT1/WDR19/RAB11FIP3/KCNQ1/DYNC2H1/TTLL3/RSPH4A/TCTN1/RABEP2/WDR90/LRRC23/SPAG17/EHD2/MACIR/IFT46/TTC12/TBC1D30/SPACA9/CFAP91/DRC7/RILPL2/NISCH/NECTIN2/CATIP/RSPH1/CROCC/FUZ/CELSR2/IFT140/CCDC57/SPEF2/BBOF1/CFAP69/DNAI3/DNAAF3/BBS5/TTC21A/ABLIM3/DRC1/ERICH3/FAM161B/TEKT2/UBXN10/IQUB/LRRC43/TEKT4/RAB17/RP1/TPGS1/CCDC40/ZMYND12/DNALI1/BBS4/JHY/CFAP53/SPEF1/CFAP57/NEURL1/NME5/DCDC2/CEP126/ZMYND10/TEKT3/DNAAF1/ADAMTS16/KCNF1/CFAP46/FOXJ1/MCIDAS/CCNO/SPAG6"
"GO:0002544","chronic inflammatory response",21,0.72629078455084,1.90726129125132,0.000231817338213237,0.0126841503385189,0.0117651982550565,3219,"tags=57%, list=12%, signal=50%","S100A8/S100A9/ADORA2B/IDO1/VNN1/UNC13D/CXCL13/TNF/CEBPB/SCN11A/CYP19A1/TNFAIP3"
"GO:0044772","mitotic cell cycle phase transition",426,0.385441655279713,1.46063907265765,0.000233628196944195,0.0126841503385189,0.0117651982550565,5768,"tags=29%, list=22%, signal=23%","KCNH5/CCNE1/CCNA1/EGFR/CDKN2A/TERT/CDK6/CDC20/TTK/NDC80/KIF14/E2F3/ANLN/ID4/CDK1/CDKN2B/GTSE1/CLSPN/TRIP13/AURKB/SKP2/MELK/FOXM1/STIL/CCNA2/TICRR/ORC1/PLK1/SKA1/BUB1/CCNB2/CDCA8/CENPF/BUB1B/DLGAP5/CENPE/HASPIN/NABP1/BLM/CCNE2/UBE2C/RRM2/BIRC5/AURKA/MTBP/CHEK1/CDC25A/CDCA5/KNL1/FBXO5/CDC6/SKA3/WNT10B/CCNB1/MAD2L1/NUF2/SPDYA/DONSON/USH1C/CCL2/RBL1/RBM38/CHEK2/MYO16/ANXA1/E2F7/CCNJL/SPC24/CCNJ/DBF4/CDKN3/EZH2/ADAM17/CDC25B/INCENP/ATAD5/MAD1L1/MASTL/ESPL1/CKS1B/PRKDC/ANAPC1/NFIB/TAF2/BCAT1/DPF3/KLF11/CKS2/IQGAP3/TPD52L1/RAD21/TFDP1/TACC3/CHMP4C/SPAST/CDC7/MYC/ZWINT/CDK8/SPDL1/E2F1/ZC3H12D/ATR/UBE2S/RDX/TOPBP1/SASS6/BID/GEN1/RFWD3/CCNF/ACTL6A/SPC25/RCC2/SLFN11/NPM2/BARD1/PIM2/NBN/ATM/MIR221/USP37/CLASP1/KNTC1/NSMCE2"
"GO:0061140","lung secretory cell differentiation",10,-0.823924643591291,-2.08359280102508,0.000255929454845324,0.0136532800476179,0.0126641156328954,844,"tags=40%, list=3%, signal=39%","SPDEF/AGR2/FGF10/ASCL1"
"GO:0032392","DNA geometric change",81,0.533972830331234,1.75575553051262,0.000254133301651709,0.0136532800476179,0.0126641156328954,9750,"tags=67%, list=37%, signal=42%","DSCC1/GINS4/PIF1/BLM/DNA2/POLQ/TOP2A/CDC45/HELB/GINS1/ASCC3/RFC4/HMGA1/RAD54B/HMGB3/NAV2/MCM6/ASCC1/MCM7/MCM2/DDX11/RAD51/ZRANB3/MCM5/ZGRF1/RECQL/MCM8/MCM4/NBN/DDX12P/RFC3/RUVBL1/GINS3/TWNK/XRCC6/RECQL4/SSBP1/DHX36/G3BP1/FANCM/MCM3/SETX/WRN/BRIP1/SUPV3L1/CHD1L/HMGB2/DDX3X/MCMDC2/RFC2/HMGB1/MCM9/ERCC3/FBH1"
"GO:0051315","attachment of mitotic spindle microtubules to kinetochore",26,0.698012423276684,1.89874723171969,0.000265249955321951,0.014028521343967,0.0130121711294961,4618,"tags=54%, list=18%, signal=44%","NDC80/CDK1/KIF2C/AURKB/SKA1/CDCA8/CENPE/BIRC5/SKA3/NUF2/INCENP/MAD1L1/SEH1L/CDT1"
"GO:0032743","positive regulation of interleukin-2 production",35,0.65204393749832,1.87399487039538,0.000271192609571015,0.0142202278608391,0.0131899887300127,4944,"tags=51%, list=19%, signal=42%","IL1A/CLEC7A/CD80/PDE4D/PDE4B/CCR2/IRF4/PTPRC/ANXA1/RIPK2/MALT1/PLCG2/PNP/CD86/CD28/CD83/IL1B/PRKCQ"
"GO:0040014","regulation of multicellular organism growth",60,-0.485874858448299,-1.84245747460127,0.000292676103105642,0.0152141565159501,0.0141119083987863,1016,"tags=22%, list=4%, signal=21%","SLC6A3/SOCS2/DIO3/BBS4/CACNA2D2/NPY1R/IGF2/SPTBN4/GAMT/GDF15/STC2/ADRB1/GHRH"
"GO:0007018","microtubule-based movement",404,-0.273771707928147,-1.36885095085251,0.000295107518402292,0.0152141565159501,0.0141119083987863,4164,"tags=24%, list=16%, signal=21%","TMEM232/SLC9C1/CAMSAP3/AP3S2/DYNC2LI1/DNAAF4/DNAH6/CLUAP1/RSPH9/CFAP65/KIFC2/KIF9/LZTFL1/FEZ1/CFAP73/DLG2/IGBP1/FYCO1/TRAK1/ARMCX3/IFT88/TEKT1/WDR19/SYBU/DYNC2H1/EFHC1/TTLL3/RSPH4A/SEPTIN4/BICDL2/LRRC23/SPAG17/IFT46/RHOT2/RIBC1/TTC12/SPACA9/BORCS7/CFAP91/DRC7/DYNLRB1/CFAP45/HSPB1/TTLL6/CFAP52/FUZ/CELSR2/BAG3/IFT140/SPAG8/SPEF2/BBOF1/CFAP69/KIF5C/DNAI3/PACRG/KIF13B/TTC21A/SORD/RGN/DRC1/TEKT2/IQUB/TEKT4/TCTE1/RAB17/TPGS1/CCDC40/ZMYND12/DNALI1/GAS2L2/SPA17/BBS4/JHY/CFAP53/EFHB/SPEF1/NEFH/TTLL9/CFAP57/NEURL1/NEFL/NME5/DYNLRB2/MAPT/ZMYND10/TEKT3/TAC1/DNAAF1/ATP1A4/DNAH9/ROPN1L/CFAP46/NEK10/CALY/CFAP77/KIF12/SPAG6"
"GO:0016064","immunoglobulin mediated immune response",187,0.438560598291574,1.58321294732104,0.000305240019297911,0.0156053959866057,0.0144748030203904,5885,"tags=36%, list=22%, signal=28%","IGHV3-73/IGHV5-10-1/IGLC7/IGHV1-18/IGHV4-39/IGHV3-48/IGHV4-34/IGHD/C8B/IGHV3-38/C4BPA/IGHV3-21/TFRC/IGHV4-4/IGHG3/AICDA/IGHV2-5/EXO1/IGHE/IGHV2-26/IGHV3-15/APLF/IGHV3-64/IGHV4-61/CD226/TNF/IGHV3-74/IGHV1-24/PTPRC/IGHV3-49/IGHV1-69/IGHV4-28/TLR8/IGHM/IGHV6-1/IL27RA/IGHV3-64D/ATAD5/CR1/IGHV2-70/NOD2/IGHV3-11/RIF1/IGLC2/RNF168/CD19/IGHV1-3/IGHV1-69D/MSH2/IGHV3-30/IGHG1/IGHV1-58/IGHG2/CD28/HSPD1/IGHV3-35/IGLC3/CSF2RB/IGHV3-43/CR1L/MSH6/BCL10/NBN/IL2RB/SUSD4/FOXP3/IGHV4-31/IGHV4-59"
"GO:0007292","female gamete generation",146,0.471205859618642,1.65471555421223,0.00030903847945179,0.0156690171193118,0.0145338148753056,5658,"tags=37%, list=22%, signal=29%","STRA8/HORMAD1/RBM46/BNC1/DMRT1/FOSL1/TTK/NDC80/SOHLH2/C14orf39/ASPM/TRIP13/TDRD1/MEIOC/TDRD6/NCAPH/PLK1/SKA1/CCNB2/BRCA2/AURKA/TOP2A/TAF4B/PTX3/LGR5/BCL2L10/FBXO5/SKA3/SPDYA/TUT4/PAQR5/CDC25B/HPGD/HSF2BP/MASTL/EDN1/EREG/DCAF13/KASH5/DMC1/SPIRE1/PDE5A/PANX1/DAZL/GAS2/SOS1/MCM8/DIAPH2/MSH4/NPM2/USP9X/SRC/PAQR8/ATM"
"GO:0060193","positive regulation of lipase activity",16,-0.737312713827826,-2.07855026646589,0.000313663989651783,0.0156868255529298,0.0145503331084182,3445,"tags=50%, list=13%, signal=43%","RHOC/FGFR3/FGFR1/ARHGAP6/PLA2G1B/GPIHBP1/PLIN5/AGTR1"
"GO:0052548","regulation of endopeptidase activity",225,0.426149558177213,1.56096732905253,0.000314503592992724,0.0156868255529298,0.0145503331084182,3800,"tags=20%, list=14%, signal=17%","MAGEA3/SERPINB3/A2ML1/CARD18/S100A8/S100A9/SERPINB13/PTGS2/SERPINB4/SERPINB5/ANXA8/SPINK5/LAMP3/CDKN2A/XDH/AIM2/CLEC7A/SERPINB7/MIR27B/MEFV/EGLN3/COL4A3/MIR205/SERPINB9/SERPINB2/ST18/BIRC5/BCL2L10/TNF/PERP/SERPINE3/EPHA7/GAPDH/SPOCK2/CSN2/LYN/SERPIND1/ROBO1/CR1/RIPK2/MAP3K5/EPHA4/CASP8AP2/MALT1/VEGFA"
"GO:0007080","mitotic metaphase chromosome alignment",63,0.56774173287357,1.79674914327234,0.000347624249405512,0.0171989900814743,0.0159529430584567,4618,"tags=38%, list=18%, signal=31%","TTK/NDC80/KIF14/CDK1/KIF2C/AURKB/SKA1/CDCA8/CENPE/BIRC5/KIF18A/CDCA5/SKA3/CCNB1/NUF2/EML4/INCENP/MAD1L1/KIFC1/SEH1L/CHMP4C/PSRC1/SPDL1/CDT1"
"GO:0002768","immune response-regulating cell surface receptor signaling pathway",343,0.39531279318534,1.48016710487934,0.00038636817739403,0.018962950146499,0.0175891062483547,7821,"tags=41%, list=30%, signal=29%","LBP/TNIP3/FPR2/MOG/IGLC7/CLEC4D/FCAR/CLEC6A/IGHD/CLEC12B/CD38/CLEC7A/BTNL8/IGHG3/CD24/TNFRSF21/STAP1/IGHE/MS4A1/CLEC4E/GBP1/BTLA/TLR6/NCR3/LAX1/PDE4D/TRAT1/PDE4B/CD226/CD79A/TLR1/COLEC11/FPR3/BTNL3/SLA2/PTPRC/CTLA4/BANK1/KCNN4/IGHM/NR4A3/ITK/LYN/PLSCR1/TXK/YES1/PRKCB/PIK3AP1/PELI1/THEMIS/PTPN22/CR1/TNFAIP3/RIPK2/NOD2/FYB1/THEMIS2/CD19/MALT1/KIT/KLRK1/ICOSLG/PLCG2/CD79B/KLRC4-KLRK1/FCN1/IGHG1/BLK/TLR2/PRNP/KLRD1/KLHL6/IGHG2/CD3G/CD28/IRAK1/CD200R1/PTPN2/FCRL3/SOS1/IGLC3/CCR7/SH2D1A/LILRA4/PRKCQ/BRAF/RAB7B/NMI/MAPK10/KLRC1/SCIMP/ADA/BCL10/SRC/TESPA1/CD47/TMIGD2/PAK3/IRAK2/FOXP3/SH2B2/MFHAS1/LILRB2/CD247/TRBC1/PIK3CA/ZC3H12A/CD300A/RC3H2/SLC39A10/CD3D/RC3H1/FCGR3B/CHUK/FER/IGKC/PAK2/FCGR2B/NCKAP1L/COLEC10/BTN1A1/EIF2B3/OAS1/PLEKHA1/MNDA/CYLD/PTK2/LPXN/LCP2/LILRB1/PVRIG/PAK1/BTK/TRGC1/CBLB/CRKL/MAPK1/TLR4/MAP3K7/MYO1G/SYK"
"GO:0019724","B cell mediated immunity",190,0.439145786693867,1.58637350270689,0.000398457850859768,0.0194011025001959,0.0179955149686542,5885,"tags=36%, list=22%, signal=28%","IGHV3-73/IGHV5-10-1/IGLC7/IGHV1-18/IGHV4-39/IGHV3-48/IGHV4-34/IGHD/C8B/IGHV3-38/C4BPA/IGHV3-21/TFRC/IGHV4-4/IGHG3/AICDA/IGHV2-5/EXO1/IGHE/IGHV2-26/IGHV3-15/APLF/IGHV3-64/IGHV4-61/CD226/TNF/IGHV3-74/IGHV1-24/SLA2/PTPRC/IGHV3-49/IGHV1-69/IGHV4-28/TLR8/IGHM/IGHV6-1/IL27RA/IGHV3-64D/ATAD5/CR1/IGHV2-70/NOD2/IGHV3-11/RIF1/IGLC2/RNF168/CD19/IGHV1-3/IGHV1-69D/MSH2/IGHV3-30/IGHG1/IGHV1-58/IGHG2/CD28/HSPD1/IGHV3-35/IGLC3/CSF2RB/IGHV3-43/CR1L/MSH6/BCL10/NBN/IL2RB/SUSD4/FOXP3/IGHV4-31/IGHV4-59"
"GO:0006261","DNA-templated DNA replication",162,0.465150779514231,1.65260507318415,0.00042590659298109,0.0205743066766849,0.0190837218537569,7584,"tags=48%, list=29%, signal=34%","CCNE1/MCM10/TICRR/ORC1/AICDA/EXO1/E2F8/DSCC1/NUGGC/GINS4/MMS22L/BLM/DNA2/BRCA2/CCNE2/POLQ/CDC45/ORC6/HELB/FBXO5/CDC6/GINS1/DONSON/RFC4/HMGA1/E2F7/DBF4/ATAD5/GMNC/MCM6/WDHD1/MCM7/CDK2AP1/MCM2/DDX11/CDC7/RAD51/ATR/ZRANB3/CDT1/MCM5/SAMHD1/TOPBP1/RECQL/MCM8/MCM4/METTL4/GEN1/REV3L/RFWD3/SLFN11/FEN1/BARD1/NBN/PRIM2/PCNA/ASF1A/CHRAC1/ORC3/RFC3/TK1/GMNN/GINS3/TWNK/ZMPSTE24/RPA1/POLD3/POLA1/BAZ1A/TIMELESS/NOC3L/CARM1/POLE2/RECQL4/SSBP1/ZPR1/CDK2"
"GO:0030261","chromosome condensation",41,0.614104163485817,1.80799760340267,0.000437444894934491,0.0209665971126805,0.0194475912994725,3168,"tags=34%, list=12%, signal=30%","H1-5/H1-3/CDK1/HMGA2/NCAPH/PLK1/NCAPG/TTN/TOP2A/CDCA5/H1-9P/NCAPD2/SMC4/NCAPG2"
"GO:0040020","regulation of meiotic nuclear division",32,0.650194487481917,1.83997870692407,0.000461727155692157,0.0219588844974526,0.020367988606053,2663,"tags=34%, list=10%, signal=31%","STRA8/HORMAD1/DMRT1/CDC20/TRIP13/SYCP2L/PSMA8/KNL1/RAD51AP1/FBXO5/GPR3"
"GO:0022407","regulation of cell-cell adhesion",479,0.369511973904254,1.40124342300169,0.000469563772068242,0.0221597980126051,0.0205543461684285,6418,"tags=33%, list=24%, signal=26%","CHST4/PKP1/ADTRP/UBASH3B/B4GALNT2/IL20RB/IL1A/CDKN2A/EPO/ICOS/FUT3/IL21/EFNA5/RUNX3/IL23R/TFRC/IDO1/BMP2/CCL25/CD24/SFN/TNFRSF21/IFNL1/VNN1/IL6/MYO10/IL7R/PKHD1/TNFSF13B/PLA2G2F/PPARA/LAX1/CD80/CXCL13/MFSD2B/PAG1/TNFRSF13C/CCR2/PLA2G2D/CHST2/TNF/FGB/CEBPB/WNT10B/IL12B/EPHA7/PTPRC/CTLA4/LAG3/HLA-DOB/FUT9/NR4A3/CCL2/LYN/TIGIT/PDCD1LG2/YES1/SOCS1/ANXA1/ARG2/ASS1/FGG/PELI1/FXYD5/PTPN22/IL7/ITGA4/CR1/DPP4/MAD1L1/CCL19/IL2RA/RIPK2/IL23A/NOD2/CD274/SLC7A1/NCK1/MMRN1/HTR2A/GCNT2/SELE/MALT1/IL1RL2/CD69/VEGFA/KLRK1/ICOSLG/PNP/IL12A/KLRC4-KLRK1/IL1RN/PDE5A/PRKAA1/PRNP/AFDN/CD86/ADAM19/SOX4/CD28/IRAK1/IL15/CD83/IL1B/PRKCA/HSPD1/RIPOR2/PTPN2/PCDH8/IL4I1/GTPBP4/TRPV4/RDX/JAG1/ANK3/CCR7/BMP7/NCK2/CYRIB/PRKCQ/SLAMF1/FUT7/SIRPG/EFNB2/ACTL6A/FGL2/CDSN/ADA/ETS1/BCL10/SRC/SIRPB1/ARG1/ADORA2A/TESPA1/NODAL/SERPINE2/CD47/TMIGD2/IFNG/MIR221/PODXL/IGFBP2/PTPRU/FOXP3/OPA1/PLAUR/LILRB2/CBFB/PIK3CA/IL18/ZC3H12A/SPTA1/SHH/IL6R/CD300A/RC3H2/TMEM131L/RC3H1/ST3GAL4"
"GO:0009615","response to virus",374,0.386597477207552,1.45446177567355,0.000479835060006672,0.0224716648331369,0.0208436185969953,6662,"tags=31%, list=25%, signal=24%","OPRK1/MMP12/APOBEC3A/CCL8/TRIM34/IFNE/FOSL1/CDK6/AIM2/IL21/CXCL10/IL23R/SKP2/HMGA2/AICDA/IFNL1/IFI44L/IL6/RSAD2/GBP1/UNC13D/CXADR/POLR3G/HERC5/GBP5/APOBEC3B/MX2/DUOX2/ODC1/OASL/CXCL9/CGAS/TNF/IFIT2/IL12B/PTPRC/HIF1A/ENO1/TLR8/IFIH1/ITGB8/CCT5/CXCR4/PLSCR1/IFI44/VWCE/ITGB6/DDX60L/POU2AF1/DDX21/ZBP1/MX1/IFIT3/CCL19/TNFAIP3/IL23A/GBP7/DDIT4/RRP1B/NCK1/NT5C2/DDX60/NDUFAF4/IL12A/NMB/WDFY4/BNIP3/EIF2AK2/TLR2/IL27/IL15/IL1B/OAS2/USP18/IFNGR1/OAS3/SAMHD1/RB1CC1/ATG5/STMN1/CLPB/NMI/RNASE2/STAT1/IFIT1/IFNAR2/FGL2/RIOK3/CASP1/SLFN11/POLR3A/NLRC5/NT5C3A/PIM2/PRF1/IFNGR2/IFNG/IFI16/FOXP3/EXT1/EIF5A/TRIM22/UBE2W/IFI27/PSMA2/NMBR/ZC3H12A/MORC3/TANK/ERCC6/IVNS1ABP/ZMPSTE24/DTX3L/MLKL/ZC3HAV1/CHUK/TRIM25"
"GO:0060479","lung cell differentiation",28,-0.607544581890705,-1.90482937163939,0.000522760797772104,0.0241138157468561,0.0223667975683102,2666,"tags=32%, list=10%, signal=29%","KLF2/COL6A1/TP73/SPDEF/FOXA1/AGR2/FOXJ1/FGF10/ASCL1"
"GO:0060487","lung epithelial cell differentiation",28,-0.607544581890705,-1.90482937163939,0.000522760797772104,0.0241138157468561,0.0223667975683102,2666,"tags=32%, list=10%, signal=29%","KLF2/COL6A1/TP73/SPDEF/FOXA1/AGR2/FOXJ1/FGF10/ASCL1"
"GO:0002526","acute inflammatory response",95,0.51414312992086,1.72579764987277,0.000529841464272931,0.0242580401739883,0.0225005731018026,5035,"tags=34%, list=19%, signal=27%","LBP/ORM1/PTGS2/SAA2/IL20RB/IL1A/EPO/TFRC/SAA1/VNN1/IGHE/IL6/MYLK3/TNFRSF11A/PLA2G2D/C2CD4A/TNF/CEBPB/ORM2/SCN11A/PLSCR1/CD163/OSM/ASS1/GSTP1/IGHG1/SAA4/IL1RN/IL1B/CCR7/PIK3CG/FUT7"
"GO:0032508","DNA duplex unwinding",75,0.534453206026561,1.72490939037791,0.000555528764390017,0.025245696070613,0.0234166744662178,8499,"tags=59%, list=32%, signal=40%","DSCC1/GINS4/PIF1/BLM/DNA2/POLQ/TOP2A/CDC45/HELB/GINS1/ASCC3/RFC4/HMGA1/RAD54B/NAV2/MCM6/ASCC1/MCM7/MCM2/DDX11/RAD51/MCM5/ZGRF1/RECQL/MCM8/MCM4/NBN/DDX12P/RFC3/RUVBL1/GINS3/TWNK/XRCC6/RECQL4/SSBP1/DHX36/G3BP1/FANCM/MCM3/SETX/WRN/BRIP1/SUPV3L1/CHD1L"
"GO:0060428","lung epithelium development",44,-0.51994731246172,-1.84666029726234,0.000602996352872549,0.0272013428299492,0.0252306368701935,2666,"tags=25%, list=10%, signal=23%","KLF2/COL6A1/ADAMTSL2/TP73/SPDEF/FOXA1/BMP4/AGR2/FOXJ1/FGF10/ASCL1"
"GO:0045088","regulation of innate immune response",429,0.376294688570659,1.42684701255103,0.000626994333675273,0.0280774469861153,0.0260432682892703,5746,"tags=27%, list=22%, signal=21%","LBP/S100A8/S100A9/TNIP3/SERPINB4/MMP12/FPR2/CLEC6A/LRP8/CD300E/CLEC12B/FOSL1/AIM2/IL21/INAVA/CLEC7A/MEFV/AURKB/SFN/SERPINB9/CLEC4E/RSAD2/TLR6/NCR3/DTX4/KIR2DL4/POLR3G/GBP5/CD226/OASL/TLR1/COLEC11/CGAS/TNF/CLNK/IRF4/IL12B/TIFAB/TLR8/IFIH1/LAG3/PIM1/LYN/PLSCR1/TXK/CD300H/PIK3AP1/SLAMF8/ZBP1/PELI1/PTPN22/CR1/TNFAIP3/RIPK2/OTULIN/NOD2/PRKDC/PVR/CD274/DDX60/EREG/TRAF3IP3/KLRK1/PLCG2/IL12A/LYAR/KLRC4-KLRK1/FCN1/TLR10/EIF2AK2/PARP14/BIRC3/TLR2/SLAMF6/KLRD1/MED1/TYRO3/RPS6KA3/CD96/IRAK1/NLRC4/HSPD1/NAIP/LGR4/DRD2/PTPN2/USP18/FCRL3/OAS3/PYHIN1/SAMHD1/SH2D1B/SH2D1A/ATG5/LILRA4/RAB7B/CLPB/NMI/PTPRS/KLRC1/SCIMP/NCR1/RIOK3/CASP1/NLRC5/RAET1E/IPO5/BCL10/SRC/ARG1/PAK3/IFI16/SUSD4/IRAK2/YWHAZ/IL18RAP"
"GO:1903429","regulation of cell maturation",21,0.703974898136426,1.84865910705247,0.00064186508814778,0.0285350892448306,0.0264677548934165,1875,"tags=33%, list=7%, signal=31%","PAEP/BNC1/BCL11A/TMPRSS12/KIF14/CLEC7A/AURKA"
"GO:0071103","DNA conformation change",89,0.515854679853646,1.7162688908076,0.000656412184096614,0.0289718615067103,0.0268728835079613,9750,"tags=63%, list=37%, signal=40%","DSCC1/GINS4/PIF1/BLM/DNA2/POLQ/TOP2A/CDC45/HELB/GINS1/ASCC3/RFC4/HMGA1/RAD54B/HMGB3/NAV2/MCM6/ASCC1/MCM7/MCM2/DDX11/RAD51/ZRANB3/MCM5/ZGRF1/RECQL/MCM8/MCM4/NBN/DDX12P/RFC3/RUVBL1/GINS3/TWNK/XRCC6/RECQL4/SSBP1/DHX36/G3BP1/FANCM/MCM3/SETX/TOP3B/WRN/BRIP1/SUPV3L1/CHD1L/HMGB2/DDX3X/MCMDC2/RFC2/TOP1/HMGB1/MCM9/ERCC3/FBH1"
"GO:0051701","biological process involved in interaction with host",185,0.429662795805206,1.55065907056342,0.000701836142754227,0.0306377083388205,0.0284180416556708,6016,"tags=31%, list=23%, signal=24%","KRT6A/SERPINB3/ACE2/CXCL8/MOG/CLDN6/EGFR/TRIM34/CLDN1/GPR15/CDK1/TFRC/HAVCR1/CXADR/PPARA/CD80/PTX3/SLC10A1/NECTIN1/CLEC4M/ICAM1/LY6E/CXCR4/PLSCR1/NECTIN3/ITGB6/CLDN9/CR1/DPP4/PVR/SLC7A1/HTR2A/FCN1/ITGB7/EPHA2/CAV2/CD86/TYRO3/CHMP4C/MRC1/NECTIN4/ZNF639/KPNA3/SIGLEC1/SLAMF1/CBL/IFIT1/EFNB2/TRIM59/CHMP4BP1/NPC1/SLC52A2/SRC/CTSL/CCR5/NUP153/TRIM22/INHBB"
"GO:0051607","defense response to virus",282,0.400543134957209,1.49088834770605,0.000704142930036461,0.0306377083388205,0.0284180416556708,7078,"tags=33%, list=27%, signal=25%","OPRK1/MMP12/APOBEC3A/TRIM34/IFNE/AIM2/IL21/CXCL10/IL23R/SKP2/AICDA/IFNL1/IFI44L/IL6/RSAD2/GBP1/UNC13D/CXADR/POLR3G/HERC5/GBP5/APOBEC3B/MX2/OASL/CXCL9/CGAS/TNF/IFIT2/IL12B/PTPRC/TLR8/IFIH1/PLSCR1/DDX60L/DDX21/ZBP1/MX1/IFIT3/TNFAIP3/IL23A/GBP7/DDIT4/NCK1/NT5C2/DDX60/NDUFAF4/NMB/BNIP3/EIF2AK2/TLR2/IL27/IL15/IL1B/OAS2/USP18/OAS3/SAMHD1/RB1CC1/ATG5/CLPB/RNASE2/STAT1/IFIT1/IFNAR2/FGL2/RIOK3/CASP1/SLFN11/POLR3A/NLRC5/NT5C3A/PRF1/IFNGR2/IFNG/IFI16/FOXP3/TRIM22/UBE2W/IFI27/NMBR/ZC3H12A/MORC3/TANK/ERCC6/ZMPSTE24/DTX3L/MLKL/ZC3HAV1/TRIM25/ADARB1/CARD9/ATAD3A/OAS1/TOMM70"
"GO:0071346","cellular response to type II interferon",93,0.50227962648241,1.68442460689408,0.000718110159939602,0.0310253931776723,0.0287776391744514,5864,"tags=38%, list=22%, signal=29%","AQP4/FCAR/GBP6/CLDN1/GBP1/GBP5/TNF/IL12B/GAPDH/CCL2/PIM1/TXK/ASS1/GBP7/EDN1/EPRS1/GBP4/PARP14/TLR2/ACTR3/MED1/MRC1/SYNCRIP/PTPN2/IFNGR1/RAB7B/STAT1/CASP1/NLRC5/IRF8/ARG1/CD47/IFNGR2/IFNG/DAPK1"
"GO:0030317","flagellated sperm motility",140,-0.351534045401888,-1.58181390984702,0.000740709869636335,0.0315573267376313,0.0292710347606288,3205,"tags=31%, list=12%, signal=27%","CFAP65/KIF9/LZTFL1/TEKT1/EFHC1/TTLL3/SEPTIN4/LRRC23/RIBC1/TTC12/SPACA9/DRC7/CFAP45/CFAP52/SPAG8/SPEF2/BBOF1/CFAP69/PACRG/TTC21A/SORD/RGN/DRC1/TEKT2/IQUB/TEKT4/TCTE1/TPGS1/CCDC40/ZMYND12/DNALI1/BBS4/CFAP53/EFHB/TTLL9/CFAP57/NEURL1/TEKT3/TAC1/ATP1A4/ROPN1L/CFAP77/SPAG6"
"GO:0097722","sperm motility",140,-0.351534045401888,-1.58181390984702,0.000740709869636335,0.0315573267376313,0.0292710347606288,3205,"tags=31%, list=12%, signal=27%","CFAP65/KIF9/LZTFL1/TEKT1/EFHC1/TTLL3/SEPTIN4/LRRC23/RIBC1/TTC12/SPACA9/DRC7/CFAP45/CFAP52/SPAG8/SPEF2/BBOF1/CFAP69/PACRG/TTC21A/SORD/RGN/DRC1/TEKT2/IQUB/TEKT4/TCTE1/TPGS1/CCDC40/ZMYND12/DNALI1/BBS4/CFAP53/EFHB/TTLL9/CFAP57/NEURL1/TEKT3/TAC1/ATP1A4/ROPN1L/CFAP77/SPAG6"
"GO:1903037","regulation of leukocyte cell-cell adhesion",365,0.376897725717321,1.41573473131531,0.000782750295791614,0.0331184349288383,0.0307190424613391,7616,"tags=39%, list=29%, signal=28%","CHST4/ADTRP/IL20RB/IL1A/CDKN2A/EPO/ICOS/IL21/RUNX3/IL23R/TFRC/IDO1/CCL25/CD24/TNFRSF21/IFNL1/VNN1/IL6/IL7R/TNFSF13B/PLA2G2F/PPARA/LAX1/CD80/PAG1/TNFRSF13C/CCR2/PLA2G2D/CHST2/TNF/CEBPB/WNT10B/IL12B/PTPRC/CTLA4/LAG3/HLA-DOB/FUT9/NR4A3/CCL2/LYN/TIGIT/PDCD1LG2/YES1/SOCS1/ANXA1/ARG2/ASS1/PELI1/PTPN22/IL7/ITGA4/CR1/DPP4/MAD1L1/CCL19/IL2RA/RIPK2/IL23A/NOD2/CD274/SLC7A1/NCK1/SELE/MALT1/IL1RL2/CD69/KLRK1/ICOSLG/PNP/IL12A/KLRC4-KLRK1/PDE5A/PRKAA1/PRNP/CD86/SOX4/CD28/IRAK1/IL15/CD83/IL1B/HSPD1/RIPOR2/PTPN2/IL4I1/CCR7/NCK2/CYRIB/PRKCQ/SLAMF1/FUT7/SIRPG/EFNB2/ACTL6A/FGL2/ADA/ETS1/BCL10/SRC/SIRPB1/ARG1/ADORA2A/TESPA1/CD47/TMIGD2/IFNG/MIR221/IGFBP2/FOXP3/OPA1/LILRB2/CBFB/PIK3CA/IL18/ZC3H12A/SPTA1/SHH/CD300A/RC3H2/TMEM131L/RC3H1/ST3GAL4/CCL21/PTAFR/NCKAP1L/FUT4/IL10/NLRP3/SMARCA4/CYLD/MAP3K8/JAK3/RAG1/ITCH/LILRB1/ABL2/GLMN/NFAT5/FGL1/YWHAG/CBLB/CASP3/MARCHF7"
"GO:0045143","homologous chromosome segregation",57,0.560024369398946,1.74429816956471,0.000789951309899965,0.0331941868920294,0.0307893062820419,4419,"tags=39%, list=17%, signal=32%","HORMAD1/MAEL/CCNE1/SHOC1/C14orf39/TRIP13/MEIOC/PLK1/SYCP2L/CCNE2/KNL1/SPDYA/SYCE1/TEX11/PTTG1/NDC1/ESPL1/FANCD2/KASH5/DMC1/STAG3/ZWINT"
"GO:0002706","regulation of lymphocyte mediated immunity",188,0.425954779458466,1.53802153129256,0.00081962504206017,0.0342068002247561,0.0317285569450575,5752,"tags=34%, list=22%, signal=26%","SERPINB4/RAET1L/IL20RB/CLEC12B/IL21/IL23R/C4BPA/ULBP2/ULBP3/TFRC/SERPINB9/ULBP1/IL6/RSAD2/IL7R/NCR3/KIR2DL4/CD80/APLF/CD226/CCR2/IL18R1/TNF/CLNK/IL12B/PTPRC/LAG3/IL27RA/TAP2/ATAD5/CR1/IL23A/NOD2/RIF1/PVR/CD274/MALT1/KLRK1/MSH2/IL12A/KLRC4-KLRK1/SLAMF6/PRKAA1/KLRD1/CD28/CD96/IL1B/HSPD1/IL4I1/SH2D1B/SH2D1A/CYRIB/SLAMF1/FUT7/KLRC1/CR1L/NCR1/RAET1E/ARG1/CD7/SUSD4/IL18RAP/FOXP3"
"GO:0090266","regulation of mitotic cell cycle spindle assembly checkpoint",22,0.707012795374499,1.87299006124375,0.000955270828161353,0.0390705768717993,0.0362399585757212,3192,"tags=50%, list=12%, signal=44%","NDC80/AURKB/SKA1/CDCA8/BIRC5/KNL1/SKA3/CCNB1/MAD2L1/INCENP/MAD1L1"
"GO:1903504","regulation of mitotic spindle checkpoint",22,0.707012795374499,1.87299006124375,0.000955270828161353,0.0390705768717993,0.0362399585757212,3192,"tags=50%, list=12%, signal=44%","NDC80/AURKB/SKA1/CDCA8/BIRC5/KNL1/SKA3/CCNB1/MAD2L1/INCENP/MAD1L1"
"GO:0071459","protein localization to chromosome, centromeric region",34,0.632134803445391,1.80237344649735,0.000945221619106041,0.0390705768717993,0.0362399585757212,6362,"tags=56%, list=24%, signal=42%","H2AC8/H2BC11/TTK/CENPA/CDK1/AURKB/H4C11/BUB1B/HASPIN/MTBP/H4C3/KNL1/H4C8/SPDL1/RCC2/MIS18A/KNTC1/H4C12/ZWILCH"
"GO:0090231","regulation of spindle checkpoint",23,0.680932558822354,1.82422414469052,0.000979545309185311,0.0395362531042887,0.0366718971014944,5052,"tags=57%, list=19%, signal=46%","NDC80/AURKB/SKA1/CDCA8/BIRC5/KNL1/SKA3/CCNB1/MAD2L1/INCENP/MAD1L1/ZWINT/GEN1"
"GO:0007140","male meiotic nuclear division",43,0.594690823782018,1.76061598762234,0.000977517960051849,0.0395362531042887,0.0366718971014944,4793,"tags=47%, list=18%, signal=38%","MAEL/RBM46/CCNA1/BTBD18/TRIP13/CYP26B1/MEIOC/FANCA/TDRD9/BRCA2/KIF18A/SPDYA/TEX11/HSF2BP/HSF5/FIGNL1/MOV10L1/DMC1/KCTD19/DMRTC2"
"GO:0002228","natural killer cell mediated immunity",80,0.512550723029534,1.68092777871446,0.00100826096448765,0.0397180706003659,0.0368405421293833,6277,"tags=42%, list=24%, signal=32%","SERPINB4/CLEC12B/IL21/ULBP2/ULBP3/SERPINB9/ULBP1/NCR3/UNC13D/KIR2DL4/CD226/GZMB/CLNK/IL12B/LAG3/PVR/KLRK1/IL12A/KLRC4-KLRK1/SLAMF6/KLRD1/CD96/CEBPG/SH2D1B/SH2D1A/TUBB/KLRC1/KIR3DL1/NCR1/RAET1E/IL18RAP/SLAMF7/IL18/RNF19B"
"GO:0010951","negative regulation of endopeptidase activity",93,0.496311624143649,1.66441055602801,0.000998870487590142,0.0397180706003659,0.0368405421293833,2773,"tags=22%, list=11%, signal=19%","MAGEA3/SERPINB3/CARD18/SERPINB13/PTGS2/SERPINB4/SERPINB5/ANXA8/SPINK5/LAMP3/SERPINB7/SERPINB9/SERPINB2/BIRC5/TNF/SERPINE3/GAPDH/SPOCK2/CSN2/SERPIND1"
"GO:0098773","skin epidermis development",123,0.464484684943325,1.60320414111284,0.00100994604949586,0.0397180706003659,0.0368405421293833,5192,"tags=33%, list=20%, signal=27%","KRT16/KRT17/GAL/FERMT1/DKK1/SPINK5/CDH3/SOSTDC1/EGFR/FOXI3/CLDN1/LHX2/EDAR/MET/SFN/CYP26B1/WNT10A/CD109/LGR5/HPSE/TNF/WNT10B/FOXE1/SOX21/ZNF750/DSG4/LSR/ALOX12B/SNAI1/HDAC2/FZD6/TGFB2/FGF7/SOX9/SMO/HOXC13/LGR4/SOS1/STMN1/FOXQ1/NSUN2"
"GO:0051249","regulation of lymphocyte activation",486,0.365605412180816,1.3878728148567,0.00100084361557316,0.0397180706003659,0.0368405421293833,7742,"tags=39%, list=29%, signal=28%","GAL/SPINK5/SOX11/LMO1/SFRP1/IL20RB/IL1A/CDKN2A/MIR17HG/EPO/ICOS/IL21/CD38/CLEC7A/RUNX3/IL23R/TFRC/IDO1/CD24/CYP26B1/TNFRSF9/TNFRSF21/IFNL1/VNN1/FANCA/IL6/IL7R/TNFSF13B/PLA2G2F/LAX1/CD80/APLF/PAG1/INHA/TNFRSF13C/CCR2/CGAS/PLA2G2D/CLNK/CEBPB/GPR183/WNT10B/IRF4/IL12B/PTPRC/CTLA4/BANK1/LAG3/HLA-DOB/CCL2/LYN/TIGIT/PDCD1LG2/YES1/TACR1/SOCS1/IL27RA/ANXA1/SLAMF8/ARG2/EPHB2/IKZF3/PELI1/PTPN22/ATAD5/IL7/CR1/DPP4/MAD1L1/CCL19/TNFAIP3/IL2RA/RIPK2/IL23A/NOD2/THEMIS2/PRKDC/RIF1/CD274/SLC7A1/NCK1/CD19/MALT1/IL1RL2/CD69/FANCD2/KLRK1/ICOSLG/MSH2/PNP/IL12A/KLRC4-KLRK1/SAMSN1/PDE5A/PRKAA1/PRNP/KLRD1/CD86/IL27/TYRO3/SOX4/CD28/IL15/CD83/IL1B/HSPD1/RIPOR2/PTPN2/FCRL3/IL4I1/SOS1/CCR7/NCK2/CYRIB/BID/PRKCQ/TNFSF8/SLAMF1/BRAF/SIRPG/TOX/KLRC1/EFNB2/ACTL6A/FGL2/ADA/BCL10/SRC/SIRPB1/ARG1/ADORA2A/TESPA1/PRDM1/CD47/TMIGD2/IFNG/ATM/IGFBP2/FOXP3/OPA1/LILRB2/SH3KBP1/TCF7/PIBF1/CBFB/PIK3CA/IL18/ZC3H12A/SPTA1/SHH/CD300A/RC3H2/SLC39A10/TMEM131L/RC3H1/CCL21/FCGR2B/NCKAP1L/IL10/NSD2/NLRP3/SMARCA4/MNDA/CYLD/MAP3K8/IL13/JAK3/RAG1/XRCC6/CD2/TNFSF18/IL15RA/ITCH/LILRB1/ABL2/GLMN/AKIRIN2/MERTK/FGL1/YWHAG/BTK/PCID2/CBLB/CASP3/MARCHF7/VCAM1/HMCES/MAD2L2/TLR4"
"GO:0031341","regulation of cell killing",107,0.478794101762255,1.62754418727249,0.00102163922306369,0.0399220167738581,0.0370297126374944,5746,"tags=36%, list=22%, signal=29%","SERPINB4/RAET1L/CLEC12B/IL21/CLEC7A/IL23R/ULBP2/ULBP3/CXCL6/SERPINB9/STAP1/ULBP1/IL7R/NCR3/KIR2DL4/CD226/ICAM1/IL12B/PTPRC/LAG3/TAP2/CR1/IL23A/PVR/KLRK1/IL12A/KLRC4-KLRK1/SLAMF6/KLRD1/SH2D1A/CYRIB/KLRC1/CR1L/NCR1/RAET1E/PRF1/ARG1/IFNG/IL18RAP"
"GO:0002717","positive regulation of natural killer cell mediated immunity",33,0.624434938911668,1.77122515488712,0.00103730323751246,0.0400728523445056,0.0371696203447686,5746,"tags=55%, list=22%, signal=43%","IL21/NCR3/KIR2DL4/CD226/CLNK/IL12B/LAG3/PVR/KLRK1/IL12A/KLRC4-KLRK1/SLAMF6/KLRD1/SH2D1B/SH2D1A/KLRC1/RAET1E/IL18RAP"
"GO:0007093","mitotic cell cycle checkpoint signaling",147,0.450116303569298,1.58338769391296,0.00103856292139795,0.0400728523445056,0.0371696203447686,5766,"tags=33%, list=22%, signal=26%","CDC20/TTK/NDC80/CDK1/GTSE1/CLSPN/TRIP13/AURKB/TICRR/ORC1/PLK1/SKA1/BUB1/CDCA8/CENPF/BUB1B/HASPIN/NABP1/BLM/BIRC5/CHEK1/KNL1/CDC6/SKA3/CCNB1/MAD2L1/NUF2/DONSON/RBM38/CHEK2/E2F7/SPC24/INCENP/MAD1L1/PRKDC/FANCD2/MSH2/CHMP4C/ZWINT/SPDL1/ATR/TOPBP1/GEN1/RFWD3/SPC25/BARD1/NBN/ATM/KNTC1"
"GO:0042113","B cell activation",254,0.407697240882833,1.50752358163919,0.00105649111746227,0.0405098312851938,0.0375749406644803,8740,"tags=49%, list=33%, signal=33%","FZD9/PAX5/SFRP1/FCRL1/CDKN2A/MIR17HG/IFNE/ADGRG3/IL21/CDH17/CD38/TFRC/CXCR5/AICDA/TNFRSF21/EXO1/IGHE/CHRNA4/CTPS1/IL6/MS4A1/FCRL5/IL7R/TNFSF13B/LAX1/APLF/CD79A/INHA/TNFRSF13C/GPR183/PTPRC/ST3GAL1/CTLA4/BANK1/IGHM/LYN/PRKCB/IL27RA/SLAMF8/EPHB2/IKZF3/POU2AF1/PELI1/EZH2/ADAM17/ATAD5/IL7/ITGA4/CR1/TNFAIP3/NOD2/THEMIS2/PRKDC/RIF1/RNF168/CD19/MALT1/KIT/ICOSLG/MSH2/PLCG2/CD79B/SAMSN1/DCLRE1C/CD86/CD28/HSPD1/PTPN2/CEBPG/FCRL3/IL4I1/DOCK11/HDAC9/MSH6/ADA/IRF8/NBN/ATM/FOXP3/SH3KBP1/CD300A/SLC39A10/NHEJ1/RC3H1/DOCK10/FCGR2B/NCKAP1L/PIK3R3/IL10/NSD2/MNDA/CYLD/BAK1/IL13/JAK3/RAG1/TXLNA/AKIRIN2/HDAC4/BTK/PCID2/CASP3/IL11/VCAM1/HMCES/MAD2L2/TLR4/SYK/AHR/SLC25A5/SKAP2/LIG4/FOSL2/TCF3/SLC15A4/IL2/SP3/PHF14/ZBTB1/MEF2C/PIK3R1/PCYT1A/NOTCH2/SHB"
"GO:0002429","immune response-activating cell surface receptor signaling pathway",313,0.388827658010649,1.45035623410148,0.00110901453552527,0.0422596532636493,0.0391979900558981,7942,"tags=41%, list=30%, signal=29%","LBP/TNIP3/FPR2/MOG/IGLC7/CLEC6A/IGHD/CD38/CLEC7A/BTNL8/IGHG3/TNFRSF21/STAP1/IGHE/MS4A1/GBP1/TLR6/NCR3/LAX1/PDE4D/TRAT1/PDE4B/CD226/CD79A/TLR1/COLEC11/FPR3/BTNL3/SLA2/PTPRC/CTLA4/BANK1/KCNN4/IGHM/NR4A3/ITK/LYN/PLSCR1/TXK/YES1/PRKCB/PIK3AP1/PELI1/THEMIS/PTPN22/CR1/TNFAIP3/RIPK2/NOD2/FYB1/THEMIS2/CD19/MALT1/KLRK1/ICOSLG/PLCG2/CD79B/KLRC4-KLRK1/FCN1/IGHG1/BLK/TLR2/PRNP/KLRD1/KLHL6/IGHG2/CD3G/CD28/IRAK1/PTPN2/FCRL3/SOS1/IGLC3/CCR7/SH2D1A/BRAF/RAB7B/NMI/KLRC1/SCIMP/ADA/BCL10/SRC/TESPA1/CD47/TMIGD2/PAK3/IRAK2/FOXP3/SH2B2/MFHAS1/CD247/TRBC1/PIK3CA/ZC3H12A/CD300A/RC3H2/SLC39A10/CD3D/RC3H1/CHUK/IGKC/PAK2/FCGR2B/NCKAP1L/COLEC10/BTN1A1/EIF2B3/OAS1/PLEKHA1/MNDA/CYLD/PTK2/LPXN/LCP2/PVRIG/PAK1/BTK/TRGC1/CBLB/CRKL/MAPK1/TLR4/MAP3K7/MYO1G/SYK/BTNL2/TRBC2"
"GO:0019058","viral life cycle",302,0.393883920133593,1.46841768253845,0.00116708643105108,0.0441979953981382,0.0409959015351667,5813,"tags=28%, list=22%, signal=22%","SERPINB3/ACE2/CXCL8/MOG/APOBEC3A/CLDN6/LAMP3/EGFR/CCL8/TRIM34/CLDN1/SLPI/GPR15/CDK1/TFRC/HMGA2/PROX1/AICDA/HAVCR1/RSAD2/CXADR/CD80/APOBEC3B/TOP2A/PTX3/SLC10A1/OASL/NECTIN1/TNF/CLEC4M/ICAM1/LY6E/IFIH1/USP6NL/CCL2/CXCR4/PLSCR1/NECTIN3/ITGB6/MX1/CLDN9/DEK/CR1/DPP4/SRPK1/GBP7/CXCR6/PVR/SLC7A1/HTR2A/FCN1/ITGB7/EPHA2/PABPC1/EIF2AK2/CAV2/CD86/TYRO3/CHMP4C/MRC1/CD28/NECTIN4/KPNA6/ZNF639/OAS2/KPNA3/OAS3/ATG5/SIGLEC1/SLAMF1/CBL/IFIT1/EFNB2/TRIM59/CHMP4BP1/NPC1/SLC52A2/SRC/CTSL/IFI16/SMC6/MIR221/CCR5/NMT2/NUP153"
"GO:0031343","positive regulation of cell killing",74,0.528183189996457,1.70169753536835,0.00118554504403006,0.0446215880068982,0.0413888053472812,5746,"tags=39%, list=22%, signal=31%","RAET1L/IL21/CLEC7A/IL23R/ULBP2/ULBP3/STAP1/ULBP1/NCR3/CD226/IL12B/PTPRC/LAG3/TAP2/IL23A/PVR/KLRK1/IL12A/KLRC4-KLRK1/SLAMF6/KLRD1/SH2D1A/CYRIB/KLRC1/RAET1E/PRF1/ARG1/IFNG/IL18RAP"
"GO:0051984","positive regulation of chromosome segregation",29,0.658708097192674,1.83759899532731,0.00122114845000184,0.0456813764680567,0.0423718133550061,3192,"tags=52%, list=12%, signal=45%","CDK1/AURKB/NCAPH/SKA1/CDCA8/NCAPG/BIRC5/CDC6/SKA3/CCNB1/NCAPD2/SMC4/INCENP/NCAPG2/MAD1L1"
"GO:2000241","regulation of reproductive process",179,0.427490319373798,1.53273880554423,0.00127045981414662,0.0472380058169062,0.0438156667003294,5474,"tags=34%, list=21%, signal=27%","STRA8/HORMAD1/MAEL/PAEP/RBM46/BNC1/DEFB1/TMPRSS12/SPINK1/DMRT1/SFRP1/IL1A/NR5A1/CDC20/TTK/ZP1/ASPM/TRIP13/WT1/MEIOC/SYCP2L/AGO2/AURKA/YBX3/PSMA8/CDC25A/EPPIN/KNL1/RAD51AP1/FBXO5/RETN/GPR3/NOX5/TACR1/TEX11/CDC25B/SNAI1/INTS13/ANAPC1/HDAC2/KIT/VEGFA/PDE5A/SOX9/PRDX4/PTGDS/ZWINT/HOXD13/DAZL/ACVR1C/STK3/TACR3/BMP7/PGAM4/ZP2/ADA/NPM2/FBXO43/SRC/NODAL"
"GO:1901990","regulation of mitotic cell cycle phase transition",329,0.388013393806938,1.45310179854103,0.00128930030638915,0.0476497432511892,0.044197574231704,5768,"tags=28%, list=22%, signal=22%","KCNH5/CCNE1/EGFR/CDKN2A/TERT/CDK6/CDC20/TTK/NDC80/KIF14/ANLN/CDK1/CDKN2B/GTSE1/CLSPN/TRIP13/AURKB/STIL/TICRR/ORC1/PLK1/SKA1/BUB1/CDCA8/CENPF/BUB1B/DLGAP5/CENPE/HASPIN/NABP1/BLM/CCNE2/UBE2C/RRM2/BIRC5/AURKA/MTBP/CHEK1/CDC25A/CDCA5/KNL1/FBXO5/CDC6/SKA3/WNT10B/CCNB1/MAD2L1/NUF2/DONSON/CCL2/RBL1/RBM38/CHEK2/MYO16/ANXA1/E2F7/SPC24/EZH2/ADAM17/CDC25B/INCENP/ATAD5/MAD1L1/ESPL1/PRKDC/DPF3/KLF11/RAD21/TFDP1/CHMP4C/CDC7/ZWINT/SPDL1/E2F1/ZC3H12D/ATR/RDX/TOPBP1/SASS6/BID/GEN1/RFWD3/ACTL6A/SPC25/RCC2/SLFN11/NPM2/BARD1/NBN/ATM/MIR221/KNTC1/NSMCE2"
